{"type":"FeatureCollection", "features": [
{"type":"Feature","geometry":{"type":"Polygon","coordinates":[[[7.104329523112628,45.466959179766036],[7.098756531421251,45.46131236133654],[7.114253328098151,45.43638392898894],[7.152615469536657,45.42187094713643],[7.185854257635149,45.40323118526525],[7.163280761283767,45.38178926256428],[7.160568854210536,45.36339189628961],[7.138458412040913,45.35117878764664],[7.126078532961939,45.32732966553129],[7.109484162376639,45.320206040355544],[7.136049220297934,45.279960702623],[7.134936628930037,45.25413996845698],[7.103409748323424,45.23645471871966],[7.066991954505218,45.21029214930181],[7.050968522789773,45.22570584174828],[7.016753264745341,45.21535982582967],[7.003222334276142,45.220055906802465],[6.989088529716646,45.21017598165401],[6.965177886424019,45.20716007050954],[6.967779279176549,45.195647637342255],[6.952576763918949,45.180038013325756],[6.933119700204088,45.17114487093191],[6.894327325305534,45.16884263731685],[6.886106138832121,45.154072064728325],[6.894490954453886,45.13746594129345],[6.848324288114787,45.12730636238539],[6.822838058173494,45.144097332172905],[6.768008696454833,45.1595924488363],[6.740199593635933,45.13697330323715],[6.712034982601808,45.144765793439355],[6.680208273706337,45.14041473089752],[6.6719391234681,45.12421439091846],[6.633393925722474,45.11480709974243],[6.627259916662413,45.10177130992823],[6.661524294308431,45.071682399282835],[6.665428227650595,45.031615426162816],[6.6794187894153065,45.02028837549392],[6.726021317745566,45.021675210874065],[6.740264140406899,45.01680012457356],[6.7514323371171905,44.997982861810634],[6.739503635040932,44.989671398687214],[6.763642217562725,44.97145117912609],[6.765061511230288,44.95907435556312],[6.752921973195677,44.942992659180426],[6.758963999629075,44.93200304806253],[6.748740816246555,44.92156522735953],[6.749999615760295,44.90748541114708],[6.767776168732741,44.90246924788767],[6.786059795004136,44.888782223540346],[6.8423116164689475,44.859647441215884],[6.8710937560757,44.84996116367684],[6.912837660230325,44.84485522072771],[6.9315054276109676,44.863438204243224],[6.963385253326966,44.8501085421612],[7.006689474082183,44.83825968106178],[7.023851421494778,44.82332972178048],[7.001538119521009,44.79109758391049],[7.019788992523408,44.77458159454942],[7.022252628676326,44.74795083728516],[7.041061413932928,44.71955804861075],[7.0653473693506115,44.71383427298486],[7.0734036688716015,44.68093954397724],[7.048941746455235,44.68307176811729],[7.030411015399205,44.691467780466894],[6.987115510117726,44.68952430785714],[6.959140726584146,44.67434488085098],[6.947936133258456,44.654789041341786],[6.9549168492114175,44.63480308573454],[6.95036391461454,44.619426411029714],[6.934643024059783,44.597618370648014],[6.932589522040083,44.57288755004534],[6.914309478863652,44.559006366659304],[6.881472608496385,44.55395450879938],[6.853762510394466,44.52865310658578],[6.8587941200747045,44.50868100367875],[6.876169373776595,44.48149380030828],[6.9068842257346414,44.46563137619038],[6.911992752940562,44.4527792016806],[6.948394629381173,44.42983340593177],[6.893488211945456,44.42084906993855],[6.8965919020020605,44.37615400729038],[6.8888235794846,44.36107511606188],[6.918822685523113,44.35283941185413],[6.926047983751026,44.3342899801327],[6.952920781247955,44.319236137261115],[6.956256617210616,44.29823835065564],[6.994965084427837,44.28071189752452],[6.996695430394805,44.25007848992631],[7.013457252043231,44.233247796106596],[7.033387408866537,44.22435570517153],[7.069629508702337,44.233635006742546],[7.090643156389856,44.22250055081932],[7.118403498993489,44.21506506108823],[7.147182130304257,44.20011420057468],[7.160667612386424,44.207084432098455],[7.217399030509502,44.16973930016808],[7.2372498471039055,44.17423381966471],[7.250588209319133,44.15647783520704],[7.278342673141696,44.141693405110296],[7.292098545812156,44.14591532431114],[7.343669199480392,44.14476620612001],[7.355276624224673,44.11803265497926],[7.386905326935713,44.12454283374558],[7.4214590249217425,44.11348357858768],[7.428170594822318,44.13041200535855],[7.458040689812772,44.12655142475944],[7.507662679740602,44.14448780798477],[7.521800274957451,44.13798232926044],[7.5349525312295125,44.147438502456815],[7.566005017365308,44.15510220283561],[7.6192146507042935,44.14944654762909],[7.6311806968228915,44.171617169043984],[7.644989113417356,44.17812448777932],[7.684645244835607,44.173915447034695],[7.672332603541092,44.15964713088039],[7.678748418999445,44.146630985281185],[7.6674498103948165,44.129807911294634],[7.718242278078054,44.081996977131936],[7.714329718480684,44.06155888102362],[7.737892293209705,44.076372652763226],[7.718015970637964,44.10357513500933],[7.723123580355362,44.120817194112554],[7.746023890594166,44.135357169011485],[7.7764216774191555,44.13859882564462],[7.815310643205673,44.123244223626145],[7.861995638577846,44.11865482855935],[7.883944707240613,44.104658684247326],[7.92596246682398,44.11030220350017],[7.935425190784009,44.10101951128678],[7.958000582620725,44.1036917924429],[7.971531404279554,44.11309520242624],[8.002826086059319,44.10358953946148],[8.012352636738196,44.1195391666991],[7.99083105176063,44.13241485179791],[7.985408504722668,44.142765472165976],[8.009445810703474,44.155606635983695],[8.029126365363433,44.15382950352648],[8.04293116111411,44.14282598439387],[8.067310193306644,44.14468992661868],[8.092410838830718,44.17521477212601],[8.094810779306009,44.196376360337894],[8.065363252890359,44.2169365754126],[8.080619777280523,44.24171043661345],[8.063096597996067,44.253074187949935],[8.08996166412336,44.273917242899984],[8.060788082668497,44.29989987917803],[8.076021701720597,44.313958461195625],[8.10195677018786,44.30093101978733],[8.109068595297563,44.31511680477634],[8.106968940667066,44.332818116974636],[8.134283903003054,44.33209961653517],[8.148281831126258,44.35597855271009],[8.140832599730057,44.37120947263132],[8.17074756280426,44.39484817950278],[8.206357260348122,44.40427375004395],[8.221680326808277,44.43271087087546],[8.196435043591148,44.46360439550345],[8.201889488966481,44.47832603767787],[8.22331549244327,44.48566937990667],[8.216718843033584,44.495226854537755],[8.22416292305791,44.51417497093149],[8.252777440115311,44.52874738628847],[8.269770667408562,44.51050565122749],[8.304795490418002,44.503467962935275],[8.320804038023331,44.488403418540976],[8.349177781463588,44.48555256255014],[8.358490854365554,44.46493569213869],[8.394448305313315,44.48022950020666],[8.403689972499688,44.50744812295447],[8.420312178206824,44.5118639594817],[8.442096564277268,44.50299683365473],[8.470657729851034,44.52247841773304],[8.481796485180668,44.510835472913804],[8.536785404172004,44.512989545134005],[8.55908022172137,44.50325162435447],[8.576161782618444,44.50922624304257],[8.59578205951975,44.537349963454496],[8.613536517077279,44.54551371246296],[8.5988588561542,44.55872387652038],[8.620151795062007,44.584201240018814],[8.640190225869949,44.57914374224157],[8.66675723026367,44.58245592351108],[8.720998667001174,44.5798647753161],[8.766591260031264,44.526330408677204],[8.76896226625542,44.48965851098392],[8.787664445063253,44.489325592052275],[8.797709427685097,44.50024554278813],[8.794916216650616,44.522549684706604],[8.806389036488948,44.5345971792707],[8.824399983467426,44.53863914848562],[8.826841440913876,44.56179883401503],[8.862905375714,44.56061039085437],[8.884284497176248,44.552324991917764],[8.90549995726033,44.55626985796971],[8.921694610482266,44.56707207788178],[8.911892975050245,44.58003267316636],[8.904354606291298,44.6208258860638],[8.88269353340481,44.63902064160993],[8.908823681905403,44.647644779867036],[8.931140760205482,44.676133178027605],[8.958336962034204,44.67626370640865],[8.973638850302175,44.66315158759667],[9.013153028571724,44.666791551248146],[9.038761783103656,44.640867295574864],[9.04704604576693,44.61466496881075],[9.073333120929703,44.62433985274352],[9.104484671316476,44.60661225406089],[9.110969738146474,44.5825244444103],[9.15255497639391,44.57422115101835],[9.183165466012243,44.59131239393688],[9.198954885653672,44.592775954904646],[9.202973128494426,44.61349420348926],[9.198819596883729,44.65010834313302],[9.206386414083552,44.66078977265744],[9.20031989688178,44.68640483125319],[9.207228580992487,44.70552997046028],[9.202830258165609,44.72205709957051],[9.21355045182904,44.752348232196844],[9.194158322151702,44.756838956153025],[9.171726254871182,44.771683172484124],[9.173504949063215,44.796148871224574],[9.146725901883283,44.80903964568566],[9.126115926132998,44.80618502143347],[9.095145245186979,44.81902561599335],[9.081615865635474,44.81446291461985],[9.05137951585016,44.84592502269737],[9.070104301831133,44.86603794637568],[9.055223924784473,44.888924586717934],[9.030363602997731,44.88849926609566],[9.0013474319328,44.90819485161198],[8.977152389734144,44.94009519744305],[8.978124650076161,44.96720624454793],[8.951954199566371,44.98822090226129],[8.925603710276171,44.98215733293428],[8.90127373458691,45.00776281772726],[8.904657459313304,45.02662036461355],[8.900157040206762,45.04362077332405],[8.881058582131013,45.05408033888139],[8.825360430082004,45.044007832162755],[8.768055371379328,45.00685428954123],[8.743813605542151,45.02367192787757],[8.728015609817284,45.022848203607985],[8.713936999910173,45.03696858085859],[8.69504399987158,45.02322577775781],[8.652589942738148,45.03431405659121],[8.640551276240531,45.04449383450948],[8.64598777227679,45.07533272511907],[8.621894151291025,45.09094599942746],[8.608475016353086,45.10834576393251],[8.611804331751367,45.127528423755585],[8.590113125466363,45.1330217235698],[8.586469807412046,45.146715877060466],[8.556690694440707,45.15770154443357],[8.543950387430682,45.18128941015448],[8.562406036529348,45.19448376082993],[8.556876196735198,45.20517428145637],[8.525670272325682,45.219291625422215],[8.546214581673794,45.241806843053354],[8.533069266045482,45.258764240997486],[8.535106136651772,45.27780153846329],[8.513070845918609,45.280331565675574],[8.498337479071374,45.29222644681244],[8.507205910972544,45.30710136001897],[8.537733727335274,45.32040467576071],[8.528292401628887,45.34059204337236],[8.550850706943262,45.35614717806065],[8.571030587750483,45.348631637725006],[8.61280971231924,45.354296146226545],[8.631666440318702,45.33838136379007],[8.654456834815543,45.327006051444386],[8.666028137639628,45.29191705214153],[8.690646036481866,45.29252641437867],[8.71533500404729,45.30210526478831],[8.726360425849732,45.33229066033194],[8.742122362478089,45.33205927201274],[8.760364123599794,45.35193071713837],[8.721093894295757,45.3703988521324],[8.728081050727093,45.37543842031399],[8.764025075914253,45.37730048767039],[8.769052963114312,45.38760826389452],[8.79338107081931,45.378959684463304],[8.81051499094576,45.388782798207586],[8.842896694817354,45.39383795019038],[8.824534900929528,45.41949779798637],[8.821277344052433,45.435372605251416],[8.788375016589034,45.46250869010152],[8.78748750259123,45.48623267281735],[8.770171918633222,45.48653342061663],[8.760257542554175,45.49686833027901],[8.722844172972351,45.506023704576414],[8.71319688981117,45.5199321376364],[8.719404390490679,45.53105489370677],[8.70910611066759,45.54390198950143],[8.704857437393615,45.5699353322112],[8.694418922365752,45.57600151807414],[8.703148489936027,45.60005712045241],[8.665199476782387,45.631545265642586],[8.68855387843322,45.63987412720975],[8.663681450079546,45.67454682328353],[8.640799957397778,45.67680835217584],[8.654358403194776,45.70788246232912],[8.645960688285863,45.72176069554525],[8.60214538466512,45.72630604732172],[8.555665119100182,45.774990361372254],[8.552276679912072,45.788104679429445],[8.56351118303618,45.80724506156379],[8.581647123626977,45.813658256147406],[8.59520279602321,45.833613832490194],[8.59231155996824,45.852446425651905],[8.570141459602118,45.89125177237218],[8.5716262699418,45.901336445559345],[8.594869029567143,45.922547498586184],[8.68229920836706,45.98688764124533],[8.719326193974654,46.011145717120506],[8.72876349999088,46.02923208824989],[8.7202537595007,46.04219875175335],[8.705676714315251,46.08139398773663],[8.714815181350284,46.09804279083352],[8.689145971836759,46.10177166413187],[8.659790111546362,46.112146184026344],[8.64769246326371,46.12316603488738],[8.611872652244882,46.12145279599481],[8.594836977347914,46.14224244081034],[8.599081593825499,46.15554573716038],[8.57305620005066,46.16501822763516],[8.568419696162396,46.17820416590232],[8.540687238814897,46.197670917683695],[8.532617115758873,46.21709630060664],[8.469217857800562,46.23293839857325],[8.46370780833097,46.24473858294787],[8.444264625359509,46.249469677330644],[8.449755723338894,46.27375107618438],[8.427662032625518,46.298401037214795],[8.440125885684399,46.304771652034596],[8.444005811317844,46.31964025415386],[8.465215288437289,46.33405139688235],[8.462016536416396,46.3532053170372],[8.468552597465068,46.364872802180244],[8.46335056066205,46.384279170312006],[8.468529065843605,46.41162599305861],[8.45756393485146,46.425478955950446],[8.465210209807053,46.44512512158973],[8.449759645513712,46.461764030002605],[8.437324037514319,46.46434041814892],[8.391485449192867,46.45192966304429],[8.3644994261424,46.451143527121744],[8.339405153080762,46.43281312913373],[8.30703806303767,46.42571885926371],[8.290550391006901,46.40873461154306],[8.31690251517953,46.39724027943885],[8.314543785997067,46.38102672270506],[8.24984912631997,46.34228174298713],[8.225473095405064,46.335126351347064],[8.211852693253258,46.31284876546922],[8.198773121839476,46.302327193589576],[8.163648945338807,46.296441606023606],[8.137708929007472,46.30161282195685],[8.08042785304776,46.260765963160786],[8.10748845053604,46.24993181855501],[8.125009560592625,46.229580102892456],[8.13900332353752,46.22607744257991],[8.15173973576596,46.19741768567053],[8.165451038086447,46.182263428639],[8.151122564276806,46.16510296017049],[8.154069006133925,46.14779964278692],[8.143376363542707,46.13673989761436],[8.114971348147105,46.13031340941601],[8.10805368456833,46.11159266180436],[8.032813492657093,46.09757120678983],[8.02258110565497,46.06822450922913],[8.033204123480223,46.04707433393631],[8.01395699026127,46.03260846819969],[8.012179440879647,46.01191496028774],[7.981595113643909,45.99840252048629],[7.921702141031451,45.996935024035295],[7.906351384235753,45.994125047165966],[7.878064235245535,45.97340200317534],[7.868401322452137,45.937638105217566],[7.876964866990258,45.926428292117386],[7.864046319947542,45.91644002917897],[7.864141012586305,45.89293102114088],[7.874441677388036,45.85454895310932],[7.8638622796625475,45.839583315638826],[7.873395964071038,45.82593244611251],[7.862331710463926,45.81990284792798],[7.864071741588766,45.790035712922844],[7.900240338264286,45.74923673084146],[7.9290001835191415,45.74244244058541],[7.9366238081841,45.724344678522606],[7.905208877647298,45.681963086053976],[7.939503996657945,45.643697385162504],[7.915907665015569,45.63309048256118],[7.887502649811501,45.5980383864689],[7.848873025225451,45.6022633778835],[7.801184067845211,45.586822807684584],[7.787143510795913,45.57597035546539],[7.7571885265685445,45.56457936393791],[7.732704790777711,45.5503354175944],[7.72243627875478,45.55780198210316],[7.676793793974787,45.552096424057446],[7.634043618651572,45.570787976430864],[7.609068725598533,45.56287881366827],[7.605397009813337,45.57366462617947],[7.568602764104192,45.59120178652781],[7.5430022085889075,45.58568443877889],[7.532669472666932,45.5771713370076],[7.48931739527018,45.58310806329157],[7.463526444267347,45.574816424371576],[7.447963068834486,45.55556736941953],[7.420586731672783,45.54657017881068],[7.41071567625575,45.535496953488526],[7.377239192020171,45.516897969374426],[7.359303441326426,45.5258677426235],[7.321105227054952,45.51403443405466],[7.269498949950759,45.51467697238766],[7.263254460433804,45.498668277027946],[7.247553420192375,45.49407185378995],[7.222662576954692,45.47047839127602],[7.19946724501383,45.481145200831506],[7.157272262129417,45.48660187236504],[7.142965030004029,45.498503648697664],[7.121665154480775,45.50623827787859],[7.114673229556348,45.4774723649622],[7.104329523112628,45.466959179766036]]]},"properties":{"reg_name":"Piemonte","reg_istat_code_num":1,"reg_iso_3166_2":"IT-21","reg_istat_code":"01"}},
{"type":"Feature","geometry":{"type":"Polygon","coordinates":[[[7.864046319947542,45.91644002917897],[7.818781647953683,45.92638938854027],[7.801154315032059,45.9172503382506],[7.768618503717068,45.937110363725765],[7.747769085469142,45.93897187480346],[7.734554898771464,45.92365151889495],[7.709027550213711,45.9334914541471],[7.709884569515581,45.9482618762171],[7.681261775774984,45.95717853641221],[7.657886495365243,45.97662627526998],[7.639219498775737,45.97032120274864],[7.5841214864470174,45.97216285877876],[7.5780941199339535,45.98625465061681],[7.550348964815716,45.98620302160903],[7.542036654193131,45.9777448926981],[7.538128992213213,45.95503188487626],[7.502336169368592,45.960661612710226],[7.4721611147270375,45.94806648132678],[7.474708051306639,45.9361208924008],[7.442082252525395,45.929758349247805],[7.431670534400423,45.91841926839052],[7.4030216968788505,45.91059696366442],[7.381796707272541,45.89690548453775],[7.344247011321219,45.91508855854826],[7.323443654079764,45.91050991372079],[7.296040936966952,45.92157115115618],[7.259049557659245,45.889556488448385],[7.2207279417591215,45.889641077324725],[7.200028324648664,45.875275863120194],[7.200278493145688,45.863137985199074],[7.175331716440021,45.86291321821589],[7.153250318099027,45.87925451484232],[7.118271602575897,45.85953933400971],[7.101645015655793,45.85903920636049],[7.094213913340232,45.87632268641442],[7.0769219427702845,45.88979481295753],[7.0457493454005355,45.92225289131447],[7.021967347025056,45.916830251973565],[7.004278903006768,45.89981749243451],[7.005724135777193,45.88861897252137],[6.991669106107821,45.86876934633443],[6.95507449741603,45.860784491328744],[6.942084607265547,45.848688319622084],[6.915800200368653,45.84344134518639],[6.873882161411689,45.84611597835768],[6.8658772743554035,45.83384273230754],[6.8444758306617635,45.841874490397004],[6.825764607951862,45.838225553364424],[6.805443077912913,45.8169731794742],[6.811565940816217,45.79836009419672],[6.801554636970073,45.78167838353714],[6.810506202566195,45.728817439041734],[6.825242477991846,45.70908108973252],[6.846940958963527,45.6910404069564],[6.892828647288953,45.67603676411069],[6.916361309199868,45.65224704170522],[6.932687590322938,45.64734121292443],[6.960441814322942,45.65487903345376],[6.996804124667396,45.640824134635395],[6.984486592806858,45.623622552128644],[6.977857292027868,45.58894146362846],[6.995032157666892,45.5761478012431],[6.98976033449569,45.5626255420201],[6.995212158733197,45.545880349788476],[6.990388217805891,45.53066470932479],[7.0047820542310735,45.51723541056453],[6.999821456196049,45.50513210587575],[7.019590321397236,45.49765467918721],[7.0520905037240125,45.49571142092969],[7.0446107556993205,45.47996654317636],[7.104329523112628,45.466959179766036],[7.114673229556348,45.4774723649622],[7.121665154480775,45.50623827787859],[7.142965030004029,45.498503648697664],[7.157272262129417,45.48660187236504],[7.19946724501383,45.481145200831506],[7.222662576954692,45.47047839127602],[7.247553420192375,45.49407185378995],[7.263254460433804,45.498668277027946],[7.269498949950759,45.51467697238766],[7.321105227054952,45.51403443405466],[7.359303441326426,45.5258677426235],[7.377239192020171,45.516897969374426],[7.41071567625575,45.535496953488526],[7.420586731672783,45.54657017881068],[7.447963068834486,45.55556736941953],[7.463526444267347,45.574816424371576],[7.48931739527018,45.58310806329157],[7.532669472666932,45.5771713370076],[7.5430022085889075,45.58568443877889],[7.568602764104192,45.59120178652781],[7.605397009813337,45.57366462617947],[7.609068725598533,45.56287881366827],[7.634043618651572,45.570787976430864],[7.676793793974787,45.552096424057446],[7.72243627875478,45.55780198210316],[7.732704790777711,45.5503354175944],[7.7571885265685445,45.56457936393791],[7.787143510795913,45.57597035546539],[7.801184067845211,45.586822807684584],[7.848873025225451,45.6022633778835],[7.887502649811501,45.5980383864689],[7.915907665015569,45.63309048256118],[7.939503996657945,45.643697385162504],[7.905208877647298,45.681963086053976],[7.9366238081841,45.724344678522606],[7.9290001835191415,45.74244244058541],[7.900240338264286,45.74923673084146],[7.864071741588766,45.790035712922844],[7.862331710463926,45.81990284792798],[7.873395964071038,45.82593244611251],[7.8638622796625475,45.839583315638826],[7.874441677388036,45.85454895310932],[7.864141012586305,45.89293102114088],[7.864046319947542,45.91644002917897]]]},"properties":{"reg_name":"Valle d'Aosta/Vallée d'Aoste","reg_istat_code_num":2,"reg_iso_3166_2":"IT-23","reg_istat_code":"02"}},
{"type":"Feature","geometry":{"type":"Polygon","coordinates":[[[7.714329718480684,44.06155888102362],[7.702851814680749,44.045166459071986],[7.666411891201874,44.03125543348892],[7.662474825830854,44.018280647217246],[7.670344898261953,43.99822755251763],[7.649486963260421,43.97374131037071],[7.612828175247462,43.95655663649707],[7.587796008489694,43.955416250503475],[7.567018914125474,43.944105840989465],[7.5718502189134105,43.935406004264706],[7.560312026940007,43.915246526485234],[7.562643515193848,43.900658745915216],[7.5151704235662935,43.88383184949022],[7.495279410654634,43.86220176897732],[7.507793657365293,43.84135612244854],[7.51820248413497,43.80461302646442],[7.530722088838226,43.78421476184674],[7.556087678216447,43.78018033362204],[7.5693361051603745,43.7922317994493],[7.592457108008771,43.79133046115576],[7.672821277050243,43.77616549968095],[7.69694415331411,43.796975915020965],[7.712675145737188,43.80084881107976],[7.735038586594426,43.79562245009359],[7.786706879099048,43.81952912063605],[7.8054397024990445,43.823296429466524],[7.830443580878618,43.816132090966114],[7.847066867514332,43.82879305642638],[7.875554219491019,43.83622963325527],[7.908073325245922,43.83620468656769],[7.916482135999891,43.84314097799066],[7.966121037811009,43.85211830461968],[7.970084159479286,43.86041300050811],[8.015014864732429,43.87201375547105],[8.044710996649911,43.88700473538536],[8.068016135936109,43.88917122813707],[8.094251447937395,43.91682163763922],[8.12829171538511,43.926744933280915],[8.140511782350842,43.94668121381845],[8.170735424098465,43.952976295348755],[8.159285751104473,43.981214105073086],[8.178814946452572,44.01128347316878],[8.227338709336488,44.04823298287154],[8.226766143128675,44.08035967263004],[8.249396202379392,44.1169816639283],[8.269068019728397,44.13932014717106],[8.293549548481451,44.15286302602358],[8.329069899603475,44.16125654409098],[8.383437894071024,44.18061696284103],[8.399072854466022,44.18111329777039],[8.425074985908347,44.19544618089008],[8.416199768359233,44.222030076158184],[8.442995427044858,44.23804241758911],[8.456329581665305,44.258401231762505],[8.440499900160214,44.27424548622844],[8.46495707307124,44.29644696623793],[8.488891288155285,44.30422022446404],[8.49110411607177,44.31495947379235],[8.509344299694368,44.32844676171796],[8.52595660882991,44.330972580461385],[8.567209965981062,44.35502654580714],[8.623969718392567,44.371828729916565],[8.649340602776311,44.389872464956014],[8.678254271046407,44.39265053876434],[8.692926879633404,44.40834680210341],[8.754870088390234,44.42698975456983],[8.796734688477898,44.4172018689114],[8.805160961801775,44.42360530305573],[8.832589750601201,44.42346709337299],[8.87137208774033,44.40522981855772],[8.885183564018627,44.40646621235487],[8.917758463471692,44.39818263953287],[8.973061311152835,44.38950027895404],[9.057997545383,44.380108909782756],[9.139878263629903,44.36041141022404],[9.155055401270381,44.347565551981866],[9.148824650753937,44.324632190444696],[9.157051319396052,44.31565312059079],[9.188442759921744,44.308546145619445],[9.212551840527894,44.31115751834099],[9.215743409415861,44.33568225871705],[9.235280319100255,44.347863994616375],[9.24635737430449,44.340893442125896],[9.300162131198876,44.323369122482134],[9.359176598038735,44.29960050757609],[9.392663712465334,44.27775876287519],[9.405982222043336,44.25193657365254],[9.417141812781665,44.259774016739584],[9.439725218680328,44.24162022593643],[9.46878437156208,44.233897589912644],[9.483411878461949,44.24039485250164],[9.503454005755653,44.22184749068301],[9.5270072769893,44.208272642329185],[9.547906277945645,44.20719522523163],[9.590592019141297,44.17296515642641],[9.635464670377013,44.13352131145785],[9.642740827565326,44.14351347744017],[9.668090395965391,44.14214287527679],[9.725324051424645,44.11262421298274],[9.739405586724624,44.09165190942861],[9.794852167653922,44.06714189905404],[9.821876475068438,44.05811750481937],[9.844076740729442,44.05842959146475],[9.820857802438146,44.09256785051293],[9.83581223684755,44.11012581876956],[9.8538272246469,44.106825695560076],[9.881082960981493,44.08145373658781],[9.906784859274776,44.08141693385484],[9.911690390535274,44.06940771061701],[9.964183166655403,44.03729279732637],[9.977148212709366,44.0355265115887],[9.994132560251595,44.0506305345743],[10.018772970142269,44.04447690754418],[10.028991370493427,44.0596719698373],[10.059960245483524,44.07935450976679],[10.068780579836226,44.09828269869192],[10.047384560772496,44.11512331386591],[10.018610566860138,44.11924714229608],[10.002127617007922,44.10765147859572],[9.983598092588613,44.124756568380846],[9.977281823315728,44.14008018686704],[9.97853571380479,44.161303386863565],[9.921841620418526,44.17001736351364],[9.892365187459818,44.168021659712046],[9.921582045044627,44.189762181084895],[9.909482844433908,44.20432831861546],[9.89139264201512,44.205381152865435],[9.85755040667854,44.19350756537493],[9.875356615451444,44.22394276093366],[9.863463785966438,44.22820139007928],[9.854430116631237,44.26805816152147],[9.8147841397766,44.286214250643454],[9.806400913546463,44.282760177491255],[9.769486524932114,44.302211531228096],[9.758314290220238,44.31835197618851],[9.729455177038464,44.328330588695316],[9.70630125394109,44.36618914929451],[9.68670044224306,44.36593956090598],[9.671593776007434,44.37044978231425],[9.663001451267288,44.40065941231059],[9.612968477145792,44.42585856720322],[9.598170779114204,44.43674031652972],[9.584920735497475,44.42840037393865],[9.554841077810453,44.43799434922614],[9.550705868313731,44.42802847692267],[9.492842222485015,44.42331618030364],[9.474174153997895,44.41224977693472],[9.439599637029765,44.43007852604201],[9.452266108430836,44.440431735743225],[9.470551456586316,44.471952847073425],[9.496803434917794,44.48273040451411],[9.49526286368508,44.50254742924252],[9.504607670858661,44.52995999519449],[9.488303701963424,44.54835112462913],[9.493338442500045,44.55587663431659],[9.469641744258459,44.565871828910666],[9.453358231042744,44.56213406323986],[9.420871382729901,44.577577917986694],[9.41907033342894,44.595286279833566],[9.369424404416888,44.58311971140508],[9.336341334122707,44.582029090926625],[9.3004186269751,44.60777398611881],[9.272485410111088,44.59593908800048],[9.245502619879245,44.619647809742226],[9.202973128494426,44.61349420348926],[9.198954885653672,44.592775954904646],[9.183165466012243,44.59131239393688],[9.15255497639391,44.57422115101835],[9.110969738146474,44.5825244444103],[9.104484671316476,44.60661225406089],[9.073333120929703,44.62433985274352],[9.04704604576693,44.61466496881075],[9.038761783103656,44.640867295574864],[9.013153028571724,44.666791551248146],[8.973638850302175,44.66315158759667],[8.958336962034204,44.67626370640865],[8.931140760205482,44.676133178027605],[8.908823681905403,44.647644779867036],[8.88269353340481,44.63902064160993],[8.904354606291298,44.6208258860638],[8.911892975050245,44.58003267316636],[8.921694610482266,44.56707207788178],[8.90549995726033,44.55626985796971],[8.884284497176248,44.552324991917764],[8.862905375714,44.56061039085437],[8.826841440913876,44.56179883401503],[8.824399983467426,44.53863914848562],[8.806389036488948,44.5345971792707],[8.794916216650616,44.522549684706604],[8.797709427685097,44.50024554278813],[8.787664445063253,44.489325592052275],[8.76896226625542,44.48965851098392],[8.766591260031264,44.526330408677204],[8.720998667001174,44.5798647753161],[8.66675723026367,44.58245592351108],[8.640190225869949,44.57914374224157],[8.620151795062007,44.584201240018814],[8.5988588561542,44.55872387652038],[8.613536517077279,44.54551371246296],[8.59578205951975,44.537349963454496],[8.576161782618444,44.50922624304257],[8.55908022172137,44.50325162435447],[8.536785404172004,44.512989545134005],[8.481796485180668,44.510835472913804],[8.470657729851034,44.52247841773304],[8.442096564277268,44.50299683365473],[8.420312178206824,44.5118639594817],[8.403689972499688,44.50744812295447],[8.394448305313315,44.48022950020666],[8.358490854365554,44.46493569213869],[8.349177781463588,44.48555256255014],[8.320804038023331,44.488403418540976],[8.304795490418002,44.503467962935275],[8.269770667408562,44.51050565122749],[8.252777440115311,44.52874738628847],[8.22416292305791,44.51417497093149],[8.216718843033584,44.495226854537755],[8.22331549244327,44.48566937990667],[8.201889488966481,44.47832603767787],[8.196435043591148,44.46360439550345],[8.221680326808277,44.43271087087546],[8.206357260348122,44.40427375004395],[8.17074756280426,44.39484817950278],[8.140832599730057,44.37120947263132],[8.148281831126258,44.35597855271009],[8.134283903003054,44.33209961653517],[8.106968940667066,44.332818116974636],[8.109068595297563,44.31511680477634],[8.10195677018786,44.30093101978733],[8.076021701720597,44.313958461195625],[8.060788082668497,44.29989987917803],[8.08996166412336,44.273917242899984],[8.063096597996067,44.253074187949935],[8.080619777280523,44.24171043661345],[8.065363252890359,44.2169365754126],[8.094810779306009,44.196376360337894],[8.092410838830718,44.17521477212601],[8.067310193306644,44.14468992661868],[8.04293116111411,44.14282598439387],[8.029126365363433,44.15382950352648],[8.009445810703474,44.155606635983695],[7.985408504722668,44.142765472165976],[7.99083105176063,44.13241485179791],[8.012352636738196,44.1195391666991],[8.002826086059319,44.10358953946148],[7.971531404279554,44.11309520242624],[7.958000582620725,44.1036917924429],[7.935425190784009,44.10101951128678],[7.92596246682398,44.11030220350017],[7.883944707240613,44.104658684247326],[7.861995638577846,44.11865482855935],[7.815310643205673,44.123244223626145],[7.7764216774191555,44.13859882564462],[7.746023890594166,44.135357169011485],[7.723123580355362,44.120817194112554],[7.718015970637964,44.10357513500933],[7.737892293209705,44.076372652763226],[7.714329718480684,44.06155888102362]]]},"properties":{"reg_name":"Liguria","reg_istat_code_num":7,"reg_iso_3166_2":"IT-42","reg_istat_code":"07"}},
{"type":"Feature","geometry":{"type":"MultiPolygon","coordinates":[[[[8.714815181350284,46.09804279083352],[8.705676714315251,46.08139398773663],[8.7202537595007,46.04219875175335],[8.72876349999088,46.02923208824989],[8.719326193974654,46.011145717120506],[8.68229920836706,45.98688764124533],[8.594869029567143,45.922547498586184],[8.5716262699418,45.901336445559345],[8.570141459602118,45.89125177237218],[8.59231155996824,45.852446425651905],[8.59520279602321,45.833613832490194],[8.581647123626977,45.813658256147406],[8.56351118303618,45.80724506156379],[8.552276679912072,45.788104679429445],[8.555665119100182,45.774990361372254],[8.60214538466512,45.72630604732172],[8.645960688285863,45.72176069554525],[8.654358403194776,45.70788246232912],[8.640799957397778,45.67680835217584],[8.663681450079546,45.67454682328353],[8.68855387843322,45.63987412720975],[8.665199476782387,45.631545265642586],[8.703148489936027,45.60005712045241],[8.694418922365752,45.57600151807414],[8.704857437393615,45.5699353322112],[8.70910611066759,45.54390198950143],[8.719404390490679,45.53105489370677],[8.71319688981117,45.5199321376364],[8.722844172972351,45.506023704576414],[8.760257542554175,45.49686833027901],[8.770171918633222,45.48653342061663],[8.78748750259123,45.48623267281735],[8.788375016589034,45.46250869010152],[8.821277344052433,45.435372605251416],[8.824534900929528,45.41949779798637],[8.842896694817354,45.39383795019038],[8.81051499094576,45.388782798207586],[8.79338107081931,45.378959684463304],[8.769052963114312,45.38760826389452],[8.764025075914253,45.37730048767039],[8.728081050727093,45.37543842031399],[8.721093894295757,45.3703988521324],[8.760364123599794,45.35193071713837],[8.742122362478089,45.33205927201274],[8.726360425849732,45.33229066033194],[8.71533500404729,45.30210526478831],[8.690646036481866,45.29252641437867],[8.666028137639628,45.29191705214153],[8.654456834815543,45.327006051444386],[8.631666440318702,45.33838136379007],[8.61280971231924,45.354296146226545],[8.571030587750483,45.348631637725006],[8.550850706943262,45.35614717806065],[8.528292401628887,45.34059204337236],[8.537733727335274,45.32040467576071],[8.507205910972544,45.30710136001897],[8.498337479071374,45.29222644681244],[8.513070845918609,45.280331565675574],[8.535106136651772,45.27780153846329],[8.533069266045482,45.258764240997486],[8.546214581673794,45.241806843053354],[8.525670272325682,45.219291625422215],[8.556876196735198,45.20517428145637],[8.562406036529348,45.19448376082993],[8.543950387430682,45.18128941015448],[8.556690694440707,45.15770154443357],[8.586469807412046,45.146715877060466],[8.590113125466363,45.1330217235698],[8.611804331751367,45.127528423755585],[8.608475016353086,45.10834576393251],[8.621894151291025,45.09094599942746],[8.64598777227679,45.07533272511907],[8.640551276240531,45.04449383450948],[8.652589942738148,45.03431405659121],[8.69504399987158,45.02322577775781],[8.713936999910173,45.03696858085859],[8.728015609817284,45.022848203607985],[8.743813605542151,45.02367192787757],[8.768055371379328,45.00685428954123],[8.825360430082004,45.044007832162755],[8.881058582131013,45.05408033888139],[8.900157040206762,45.04362077332405],[8.904657459313304,45.02662036461355],[8.90127373458691,45.00776281772726],[8.925603710276171,44.98215733293428],[8.951954199566371,44.98822090226129],[8.978124650076161,44.96720624454793],[8.977152389734144,44.94009519744305],[9.0013474319328,44.90819485161198],[9.030363602997731,44.88849926609566],[9.055223924784473,44.888924586717934],[9.070104301831133,44.86603794637568],[9.05137951585016,44.84592502269737],[9.081615865635474,44.81446291461985],[9.095145245186979,44.81902561599335],[9.126115926132998,44.80618502143347],[9.146725901883283,44.80903964568566],[9.173504949063215,44.796148871224574],[9.171726254871182,44.771683172484124],[9.194158322151702,44.756838956153025],[9.21355045182904,44.752348232196844],[9.202830258165609,44.72205709957051],[9.207228580992487,44.70552997046028],[9.20031989688178,44.68640483125319],[9.24213247814376,44.687456688346344],[9.232259071635042,44.703325651305455],[9.240010805568083,44.71151535853423],[9.257588772314934,44.68122020786007],[9.278606171219247,44.68560003882242],[9.298507087502351,44.68101424487876],[9.324637465427283,44.69001562396267],[9.308480723548053,44.70563453388732],[9.332580785900287,44.73504034629492],[9.286512777191838,44.75867913213141],[9.2869749960292,44.77249641928369],[9.317871887543516,44.78621492319925],[9.329870714868392,44.799990279014224],[9.357650910933568,44.81456221430972],[9.342381879846869,44.8672714589423],[9.29011350921031,44.88220651345404],[9.277409533167564,44.89560893450794],[9.292966795842966,44.920457848874406],[9.28634596693636,44.933950556491325],[9.314532283072898,44.93682015396609],[9.324591638837006,44.956047103604035],[9.337548453147974,44.965380524231485],[9.343107452579865,44.99140641278932],[9.365870983735583,45.00304264193521],[9.375605660530628,45.01991804942658],[9.370820124791253,45.04815383213946],[9.412650311405777,45.08365169488176],[9.436962978020565,45.08354191551815],[9.439006420205793,45.093446279125565],[9.465896793630739,45.09469000331588],[9.501469265097622,45.103568062342596],[9.532026255051647,45.07843206696922],[9.550611396063713,45.095231170997124],[9.537442663283153,45.11487708974785],[9.548661304684034,45.13265151991728],[9.568583253854992,45.107339289973986],[9.60188197969331,45.10414069184723],[9.613324676140842,45.113909656588476],[9.618412918391387,45.13301976508851],[9.6383072182911,45.12430470362939],[9.63141979153896,45.087796124686506],[9.643383819821004,45.08045595856354],[9.676892967312034,45.07760824499195],[9.713726944733748,45.058397804356915],[9.747724006933415,45.07572470902722],[9.753101098271213,45.086599442326815],[9.745053601629126,45.105833397694234],[9.76665637498456,45.10726567236622],[9.778962214974449,45.08958407091466],[9.810098286039551,45.079854274519846],[9.816559302572799,45.05445917974249],[9.835160927538979,45.06904251139725],[9.831248517978223,45.08219559217636],[9.84400456279687,45.096810845569124],[9.863435106560221,45.09247080205792],[9.882843477358465,45.07450798811221],[9.896772758322948,45.080538642113176],[9.900628073534913,45.095442155793016],[9.879389143358113,45.11184676660849],[9.881033422371056,45.127001886842436],[9.915507435512696,45.13899102244558],[9.92625535757678,45.13196407906793],[9.915208559028986,45.10042126935197],[9.932122944864608,45.102606813920985],[9.97119102528033,45.132346843362015],[9.992727088452183,45.12975822961339],[10.02923246730981,45.094895553199656],[10.021316882238645,45.07717925530018],[10.043509717025238,45.063079868917384],[10.057349648053696,45.041447330562576],[10.082307534936264,45.0466055798664],[10.084486285250712,45.03238642451784],[10.106190803722413,45.02213035147072],[10.147661966258195,45.03548615257844],[10.157721351440088,45.044079037354045],[10.193959022160142,45.02815527243949],[10.211067550304056,45.03403182115535],[10.254086164695122,45.01865295877317],[10.27393413651919,44.99852118914661],[10.299856348362766,45.000281446051],[10.308900787022015,44.987377474877306],[10.347273868536856,44.96954851024028],[10.365288018618653,44.966102852342566],[10.383365835763362,44.979109045150565],[10.405673984357806,44.98449428046796],[10.416767797084157,44.977650005325934],[10.435668369655696,44.94313646749744],[10.46400282366987,44.93717896473519],[10.501140145506545,44.92383038276818],[10.51496925197712,44.914411695292095],[10.566066976308235,44.90846510920594],[10.598825415926266,44.914744577798736],[10.6251804331523,44.925624926866334],[10.650330078666032,44.94807660720539],[10.66470377018788,44.96890840880123],[10.678910041149047,44.97639251764635],[10.710772560454512,44.97308580963346],[10.711333272361674,44.983000278991405],[10.731588859604356,44.99140398242953],[10.74815550012184,44.96269971431644],[10.744566559717319,44.94892911554937],[10.80877522524444,44.9360735595217],[10.840141360702255,44.93194007375264],[10.890308766598965,44.91243772859654],[10.913918554893385,44.92313476927996],[10.941373627186426,44.92191399460451],[10.950594927568739,44.93332884803657],[10.966382345329743,44.93451272871808],[10.998076384909526,44.95485691998387],[11.05957084598631,44.949248408467575],[11.072128018169451,44.96171682639127],[11.11624980056462,44.95489565450351],[11.142630035636262,44.93767791558538],[11.20207912333205,44.93948680911677],[11.246205691807146,44.95143858598219],[11.27225723428784,44.93832271740273],[11.285372897893724,44.95676128968645],[11.322796388049413,44.96116411655121],[11.357155454240198,44.950080507927886],[11.378192849001184,44.957926024414945],[11.405733531378337,44.9486887133124],[11.426742046083852,44.950083466728024],[11.424416958497403,44.9618954248628],[11.331854484850512,44.99223393968608],[11.31321572350748,45.00973021691534],[11.275497048376165,45.0173117712426],[11.263142281622676,45.033584948770695],[11.270369965902411,45.04400972202854],[11.256959319765668,45.05390759586699],[11.235031405169686,45.04457212277956],[11.200548613230842,45.06025747704263],[11.174295019231435,45.06156136657682],[11.17681638886993,45.08849150759636],[11.187559252024815,45.10994933877188],[11.145875541466344,45.12600681456554],[11.127404591230142,45.10322716954803],[11.105585505159842,45.10820458807835],[11.09412483082287,45.09970492556845],[11.07294249043036,45.09874859437303],[11.038991766203669,45.11400433112891],[11.028931481737866,45.12787467676738],[11.04384765437478,45.13427930662959],[11.028365545738662,45.15923800594397],[11.011041062513062,45.14887756031358],[10.998797238900599,45.164701382322335],[10.990676637975449,45.19566473246492],[10.96603245948601,45.205608064773095],[10.94696015261513,45.20656339943846],[10.93145531890578,45.21761064555521],[10.936790161222216,45.23293856638018],[10.901475086005037,45.23787225702761],[10.899658321493959,45.24567080885719],[10.84660810424607,45.256568843798476],[10.840011189797265,45.272894477685135],[10.816315773265066,45.293393632710554],[10.782815303410473,45.31542157934705],[10.737415845951581,45.28724484925183],[10.728348037911491,45.291302133185084],[10.7311508783499,45.315190386446574],[10.712320274151228,45.322396402593455],[10.715029519166658,45.33386815070485],[10.686904802767392,45.34264978273129],[10.685544412922736,45.35368461620993],[10.714041050920656,45.36715692293454],[10.699546363672532,45.37596656731033],[10.716841881962349,45.395567879694575],[10.716484394172532,45.414979971986526],[10.702349758065635,45.421357970043395],[10.66523409088153,45.42771707206204],[10.647411970775641,45.42375198010684],[10.64300770649911,45.45756799568727],[10.628467659341535,45.60205660926904],[10.631043073923806,45.609508673381576],[10.702007049357494,45.67273538486539],[10.77198570117388,45.75077933180104],[10.814781320821238,45.804044362602276],[10.834549782621911,45.818192694873225],[10.840150472097324,45.83275599762336],[10.825861305378808,45.83768802164843],[10.791214673849492,45.83345736510794],[10.778144518065726,45.84260357809294],[10.76034095413043,45.83763913147229],[10.735926620558006,45.84264107241741],[10.677074763561256,45.83094347062179],[10.6560655540197,45.83232392349103],[10.650744467676775,45.81215277584596],[10.611431089757959,45.805162140931],[10.553673584938238,45.78393332165916],[10.532978035747288,45.787961792565426],[10.543266768261445,45.818364077500476],[10.524285303142378,45.82712858963523],[10.50805687758852,45.82390339893823],[10.501634242229882,45.86094798626526],[10.503702059283155,45.87356778624721],[10.49110595474364,45.8822826359692],[10.505941800208797,45.903030323260374],[10.50746477785615,45.924837131297565],[10.49123592880267,45.9332279632101],[10.483261814771453,45.950527715890644],[10.489416997920976,45.96377401148351],[10.453407896568327,45.97655253507667],[10.45829212948825,46.01042516759698],[10.485948295436614,46.03005459074472],[10.482087891481163,46.049738483296984],[10.489406254103239,46.065056438712446],[10.509191437406512,46.075232306232785],[10.541683786360252,46.10402843682288],[10.550697542956343,46.12370880728318],[10.549604369147511,46.138295976090866],[10.56049314866557,46.16341627468557],[10.554552364119603,46.18026991268091],[10.54137877154291,46.188625529361424],[10.549357254671747,46.20462791366576],[10.570446972326113,46.22206899022056],[10.585054170682982,46.248696729252096],[10.576295929391097,46.27266825305263],[10.563090650205051,46.28741796631764],[10.579572499444174,46.29882843410151],[10.564859945411689,46.31301449787809],[10.563034440731984,46.3272996950715],[10.515714830514044,46.343217878670906],[10.519241273394357,46.35531341431163],[10.537700784813651,46.35412549757539],[10.566690202947926,46.37777200054287],[10.598055279720734,46.37738586228819],[10.630984331495778,46.402286979355964],[10.619225938274763,46.41439905485659],[10.616760687574654,46.44389578387595],[10.600492387199486,46.46866429089285],[10.576129487143456,46.4742667839019],[10.555013091916399,46.489032320594795],[10.496995003573184,46.497364039690844],[10.48232126561809,46.49417036690998],[10.457940462003688,46.51058963997697],[10.453137592676283,46.53055108422159],[10.419340142715068,46.55105295168147],[10.397555543824836,46.54394158321197],[10.363373984427827,46.55556758685578],[10.337062590070627,46.54343183682401],[10.325112818096335,46.55146801353337],[10.29574885664021,46.550400522003706],[10.289168280699503,46.56773147153127],[10.271052793393055,46.576465726455744],[10.253522275462283,46.57182646698194],[10.241601800735603,46.59145835645242],[10.256410772645923,46.608490070635455],[10.23906275082654,46.635187065651415],[10.209602425306723,46.620059417798515],[10.190628388986537,46.62608557543819],[10.130171718848693,46.60559974092659],[10.10166676533941,46.61011203088886],[10.101094932956787,46.58277726620066],[10.059656724469786,46.54560482057773],[10.046805237809918,46.5105800570117],[10.044384078942892,46.483360498847446],[10.052817471615827,46.461279122880164],[10.039811145364848,46.44570276527238],[10.059248436880013,46.429585945474976],[10.101252070854741,46.42287136257354],[10.130673283299265,46.431867417767826],[10.160591873055202,46.4158137135314],[10.163941051273639,46.390895410790485],[10.127722006991846,46.377619322413445],[10.126245216884659,46.360102309583716],[10.111322723667607,46.35299450378592],[10.106144374856719,46.33142715629541],[10.117139621984567,46.31374355534636],[10.138927863281708,46.30469968654193],[10.173008765182285,46.26543942573914],[10.17453053503014,46.25466882516215],[10.145676306676517,46.23038275945725],[10.124009775269858,46.22421681647658],[10.094518250142329,46.22855300246512],[10.070837209663871,46.21714029415182],[10.047448020320799,46.22874199473128],[10.060315101031836,46.251105271443656],[10.055834418000366,46.263692654246285],[10.03010747012072,46.277121253428376],[9.99827054201483,46.28292960908426],[9.992561796013563,46.293140282502186],[9.99703015599353,46.31399907405089],[9.981430770651503,46.32268388532815],[9.996352418068826,46.350935722461045],[9.965882433987858,46.36281581691642],[9.952940690055446,46.37937145228775],[9.924533401154783,46.36612312266607],[9.90636061327559,46.38088410986384],[9.870544749694638,46.3630099026547],[9.837697301564418,46.36127992364798],[9.82166379125826,46.351608959470255],[9.777477478380108,46.334962392073685],[9.743631603771187,46.35151760217416],[9.723255430910353,46.34073158971016],[9.726128057045239,46.319199390858316],[9.714497775083034,46.29306963702717],[9.703981314042654,46.290911874522735],[9.672176478962305,46.301012111295634],[9.638576633043533,46.28633246901014],[9.609863716886974,46.29450809940672],[9.581826869795766,46.29527533920494],[9.53419229722948,46.312152889164906],[9.51148518586542,46.33890963626276],[9.498723297890267,46.3614833814655],[9.461597128101738,46.37625022243951],[9.466864378455625,46.39811606497737],[9.453709974457839,46.42223855743357],[9.463116468879248,46.468035759082085],[9.450274408114261,46.49975188935583],[9.432829131282427,46.49677740314138],[9.412823755811624,46.46691441297009],[9.399964514622635,46.46957894638415],[9.370837133198233,46.489696559634794],[9.372343914676415,46.50369036944215],[9.310911862066138,46.50453082236302],[9.28192888249717,46.49642088786128],[9.274931639452243,46.48078777042031],[9.277816916746522,46.46159826912396],[9.247724630642669,46.44717810237715],[9.249473858272005,46.43115953892119],[9.275048503018803,46.41855543199908],[9.275710936567789,46.394740819024264],[9.284340824233773,46.386057487496146],[9.276678010440584,46.36941783806845],[9.299197475955555,46.343846930715515],[9.300050097599218,46.326587671529154],[9.282133529733148,46.30829172903542],[9.274008833620451,46.29115785099093],[9.254601199730912,46.26879309807912],[9.246130123348157,46.23224961899784],[9.221300731985092,46.22987039844264],[9.218224125206794,46.21465742138687],[9.20003799704739,46.2062937450348],[9.192969330218995,46.17923396579788],[9.183511788244154,46.171608531674785],[9.160372794243377,46.17085132965123],[9.137200076590897,46.154150443707486],[9.120816179825434,46.13460921165249],[9.07163492547375,46.11951509328173],[9.0892112073485,46.09007235025174],[9.077872431387084,46.0653167230874],[9.047772710985093,46.061661188741056],[9.023813835284344,46.052614500672654],[9.008880500164056,46.03620025590411],[9.02228669491028,46.01654250469033],[9.028287080903057,45.9936618969618],[8.988409463751056,45.972608595324985],[9.01406387792202,45.96015636019822],[9.019395186335615,45.92857778810335],[9.041897995467057,45.92714968007942],[9.069860450795986,45.91197033972375],[9.086728749927813,45.89655003656791],[9.066623643082162,45.876240492924],[9.05431553416956,45.872286791184855],[9.049325081988734,45.85224495457644],[9.035846533548266,45.8411703333921],[9.030634387003362,45.82078562104328],[8.993796585817153,45.82388573839995],[8.985890271928632,45.83787188241322],[8.970326211863588,45.83247758659747],[8.949537460925336,45.84347795173754],[8.918868402093999,45.833613701068636],[8.915350763287115,45.84350273423638],[8.938557933391998,45.863408795797085],[8.924614585768024,45.90585116203731],[8.898255662531941,45.92533017758591],[8.894274706776091,45.95846580993056],[8.878874495099305,45.956024894279466],[8.831275517823972,45.98798317944619],[8.794357419304207,45.99208996797405],[8.792063843294248,46.00498312617986],[8.805941408629572,46.021608515856606],[8.82797535475679,46.03331711484971],[8.834434691762212,46.05134959026643],[8.854517056895904,46.06162808833066],[8.852050546948755,46.07552120198725],[8.815292692545658,46.09725704934764],[8.783424599756508,46.09394305872406],[8.756769894734358,46.1037571859274],[8.742687489138218,46.12214596400057],[8.714815181350284,46.09804279083352]]],[[[8.973819829240323,45.983546067081555],[8.957879033220154,45.96473512964322],[8.97518523353511,45.9615900882314],[8.973819829240323,45.983546067081555]]]]},"properties":{"reg_name":"Lombardia","reg_istat_code_num":3,"reg_iso_3166_2":"IT-25","reg_istat_code":"03"}},
{"type":"Feature","geometry":{"type":"Polygon","coordinates":[[[10.840150472097324,45.83275599762336],[10.88159255636517,45.81758069580788],[10.8727237285926,45.78838368004843],[10.882284131944184,45.77194468422884],[10.865244383969227,45.76130128879313],[10.84383237642482,45.71859281460763],[10.881473487679717,45.717277200595724],[10.925998666824816,45.6991725207443],[10.911997606236854,45.688314670696236],[10.942900721596295,45.67306256986462],[10.951232877752288,45.68452234490019],[10.973125964700873,45.68335087074298],[10.995473161396351,45.69649848084163],[10.996113471044575,45.707979283827065],[11.041376974820288,45.70631909147232],[11.052757992366075,45.71656709252312],[11.090033770710786,45.696131380434636],[11.138512570862703,45.69684979981406],[11.138661960898613,45.70931563019542],[11.174164040946474,45.732525683186466],[11.180655934943479,45.76290746457474],[11.173965663332288,45.787082349416316],[11.202787776741248,45.783372963614084],[11.189451776612799,45.80488908283267],[11.19866509630058,45.824188750225865],[11.218799213780787,45.83260173191238],[11.218453818868406,45.8439617532193],[11.239572113736772,45.857025872790835],[11.251121140251863,45.8961232123364],[11.261342017756775,45.91574858969563],[11.303775776976844,45.918236566424035],[11.313340122790427,45.926579690101995],[11.336753902402572,45.914483418160636],[11.358056942697678,45.92529461924131],[11.364339148994665,45.942420972695786],[11.38330759626698,45.9510304014417],[11.372415417138011,45.973232206182466],[11.39573119750858,45.980477514169806],[11.44666384183682,45.980922873381736],[11.494186145308266,46.00965164752992],[11.552326915137353,46.011668521229105],[11.577230061767603,46.006520280160494],[11.58759202461227,45.96899707300028],[11.600317541348334,45.97134678623553],[11.627608408375838,45.960640915020385],[11.685804473665499,45.96928585004288],[11.689624096436717,45.988510341648684],[11.669174392977638,46.017710373689575],[11.680591191989864,46.02556646031566],[11.667225789984174,46.03818185540229],[11.700224749873744,46.04459378696731],[11.704308964275205,46.05224081968116],[11.6864630306509,46.06700277442263],[11.682347148772322,46.08998654045165],[11.703456056282086,46.09049420103712],[11.718022505478192,46.10332868048852],[11.750770099622311,46.105136998533894],[11.806583771209043,46.10272345467673],[11.889658173368664,46.1195878304609],[11.919492509152475,46.14855177109419],[11.929449637105447,46.17103904869568],[11.950825393949039,46.17011371540331],[11.962440718737328,46.19912915983882],[11.939554649438593,46.19877337079593],[11.909569450361648,46.22442755987473],[11.92481532295966,46.2429533058101],[11.912619058761841,46.252675152077074],[11.886261588504,46.25819042378501],[11.88524794929762,46.278808757467665],[11.840847491807969,46.27007760051908],[11.826261275387683,46.28497052595666],[11.841446209692396,46.30634051743257],[11.831891161450791,46.322661438730954],[11.802787900903919,46.33432288443313],[11.799982833619376,46.34422943274905],[11.774378551985945,46.35824165458297],[11.790946272611476,46.36666313277082],[11.813472448206385,46.36760032614325],[11.832326379905126,46.38759197604767],[11.850290218832246,46.434159748868716],[11.869949236885073,46.4331616473493],[11.888130602461134,46.44177550055046],[11.88682569042737,46.464566814041675],[11.871088273597168,46.47319042645363],[11.813178632140252,46.47817092634751],[11.810464012822367,46.48507218815163],[11.828312394011084,46.50891394061796],[11.85319532388609,46.51820435928097],[11.888028692093116,46.522843478483125],[11.911883946852067,46.532960250903955],[11.93388747702731,46.52789749052381],[11.949534260363345,46.53923084758884],[11.987560564908225,46.54529918203877],[11.998418884010851,46.532855710212615],[12.043768888803461,46.58192256338717],[12.046623601159906,46.608081503349936],[12.065663776137859,46.62699102593261],[12.067149681134225,46.65395225248043],[12.07831081473601,46.671707421006325],[12.14640744292712,46.63417987702874],[12.171328320935338,46.63410142367319],[12.194425893499089,46.61951511981015],[12.19447447880672,46.604746834254215],[12.232181730867172,46.614045505297284],[12.255707256381404,46.62715691358397],[12.286066742483852,46.61791144880374],[12.305503735139903,46.61917344939915],[12.315894614390443,46.62999593483156],[12.34143032831318,46.62995208853156],[12.359431910477232,46.61974293184442],[12.385163328166872,46.6227817180878],[12.379773553393605,46.64290738956439],[12.40396790883985,46.64302496104681],[12.437516045413755,46.66892462031345],[12.477595181695758,46.67981981749721],[12.473560655341858,46.68687922224738],[12.442765195356248,46.68822168087354],[12.380218784579572,46.71964113324825],[12.35740655619117,46.77466334239623],[12.310968881079825,46.7844642458348],[12.285701580050876,46.782412219306366],[12.291940746840513,46.80346823988104],[12.28315748780326,46.81463480855165],[12.305996039157233,46.83458061511116],[12.290361238202085,46.861711942707196],[12.2675292263668,46.88659439394027],[12.2434299791944,46.89025940948133],[12.215033115385548,46.87419103261238],[12.18890217231412,46.90629603470913],[12.159971122810173,46.908350129990616],[12.149474545951971,46.91581448204223],[12.168205328016201,46.9378891306451],[12.15737287499355,46.950740794352356],[12.132125169815316,46.96423960060919],[12.137901140107859,46.98004229865754],[12.120987027233358,47.00665347451482],[12.148150689827988,47.024367648366265],[12.167293918467339,47.02067137129545],[12.204865339941668,47.02720273395192],[12.21829843202762,47.05894101419726],[12.239756248127982,47.06975544622483],[12.224035242133587,47.0831730819083],[12.187197352935984,47.09155336139742],[12.161012462894329,47.081588210717456],[12.120107381266116,47.073778856651835],[12.093669077764195,47.07664763820923],[12.072940839146998,47.05976884919038],[12.042548786875258,47.06098219151164],[12.020061021655398,47.04676017304783],[11.980262774691472,47.049873597021076],[11.944439466092792,47.035033867955455],[11.931658509733847,47.03747688599274],[11.887536026205634,47.01624411703935],[11.866852740762798,47.01116698995856],[11.831451581725693,46.99239760078322],[11.781313203834934,46.99150349147216],[11.765876892967777,46.97522410758191],[11.747168158030416,46.968902717557185],[11.729556691156478,46.97199257288148],[11.710599057572566,46.99299354908622],[11.666840294107926,46.99245587372074],[11.615670810939404,47.01204524629586],[11.580790883276716,47.00148896962664],[11.570699350470422,46.993108207313036],[11.538076931642463,46.98410808039687],[11.53195517737048,46.991983157742546],[11.498740853791613,47.009559993630894],[11.479858511468814,47.01099663839363],[11.467113107909228,46.994371376228735],[11.452896399082034,46.99210767066926],[11.425140531296307,46.968994977589304],[11.401148037106358,46.96496075336986],[11.384244273403784,46.97036030266827],[11.358286494924792,46.99036168616098],[11.335218065473635,46.9865870564697],[11.320986212726408,46.99206915284414],[11.299382358927023,46.983897440556696],[11.258528444221508,46.97757004657448],[11.241393706369173,46.96961858902731],[11.17668633040591,46.962687262385664],[11.168335219263374,46.944658286464175],[11.14061052971538,46.92832909564924],[11.119977355338335,46.93049459021212],[11.094982281450381,46.90748072947826],[11.10034191881202,46.89011281133122],[11.07472055217433,46.85766495123891],[11.07213673284362,46.84036294678344],[11.083538343483719,46.82286631726429],[11.041911866202831,46.80338585852521],[11.022135362224034,46.76517480509157],[10.945266370086491,46.77499518104871],[10.914950411492939,46.773755239519375],[10.889600603280254,46.76393540614063],[10.840297365501861,46.78164897286299],[10.81083135253157,46.778125058363976],[10.786356704501149,46.79637638665711],[10.759438394179073,46.78575128929497],[10.73049412568211,46.78790709216966],[10.726063255185679,46.79774279601273],[10.745812573081453,46.80437714977283],[10.762846121951664,46.82116695173128],[10.756282322461072,46.831358823637295],[10.734274923244262,46.834889230491086],[10.694549955807945,46.85216449594013],[10.696940948626956,46.86267505017125],[10.668112885685781,46.87555940046004],[10.645386873064972,46.8653683355281],[10.60056506306642,46.8577877152222],[10.564481279001631,46.84090922803043],[10.550679547956758,46.84989055912009],[10.525489019883544,46.84625922803396],[10.469683334643605,46.85455903788295],[10.448812699678609,46.802286559346996],[10.427310292792782,46.79412448802989],[10.44204671273954,46.76987117715495],[10.43531836098981,46.75238914074581],[10.401966487768748,46.73436510262992],[10.417348784359982,46.7193696089964],[10.387617539968467,46.687444305543615],[10.393079853508334,46.654979993410834],[10.410754570979746,46.63514005173204],[10.446267546457305,46.64095570212122],[10.487205228251415,46.615614640488616],[10.484148499999003,46.578301693054925],[10.474931314436562,46.56606293840303],[10.472520285151832,46.54374041058565],[10.453137592676283,46.53055108422159],[10.457940462003688,46.51058963997697],[10.48232126561809,46.49417036690998],[10.496995003573184,46.497364039690844],[10.555013091916399,46.489032320594795],[10.576129487143456,46.4742667839019],[10.600492387199486,46.46866429089285],[10.616760687574654,46.44389578387595],[10.619225938274763,46.41439905485659],[10.630984331495778,46.402286979355964],[10.598055279720734,46.37738586228819],[10.566690202947926,46.37777200054287],[10.537700784813651,46.35412549757539],[10.519241273394357,46.35531341431163],[10.515714830514044,46.343217878670906],[10.563034440731984,46.3272996950715],[10.564859945411689,46.31301449787809],[10.579572499444174,46.29882843410151],[10.563090650205051,46.28741796631764],[10.576295929391097,46.27266825305263],[10.585054170682982,46.248696729252096],[10.570446972326113,46.22206899022056],[10.549357254671747,46.20462791366576],[10.54137877154291,46.188625529361424],[10.554552364119603,46.18026991268091],[10.56049314866557,46.16341627468557],[10.549604369147511,46.138295976090866],[10.550697542956343,46.12370880728318],[10.541683786360252,46.10402843682288],[10.509191437406512,46.075232306232785],[10.489406254103239,46.065056438712446],[10.482087891481163,46.049738483296984],[10.485948295436614,46.03005459074472],[10.45829212948825,46.01042516759698],[10.453407896568327,45.97655253507667],[10.489416997920976,45.96377401148351],[10.483261814771453,45.950527715890644],[10.49123592880267,45.9332279632101],[10.50746477785615,45.924837131297565],[10.505941800208797,45.903030323260374],[10.49110595474364,45.8822826359692],[10.503702059283155,45.87356778624721],[10.501634242229882,45.86094798626526],[10.50805687758852,45.82390339893823],[10.524285303142378,45.82712858963523],[10.543266768261445,45.818364077500476],[10.532978035747288,45.787961792565426],[10.553673584938238,45.78393332165916],[10.611431089757959,45.805162140931],[10.650744467676775,45.81215277584596],[10.6560655540197,45.83232392349103],[10.677074763561256,45.83094347062179],[10.735926620558006,45.84264107241741],[10.76034095413043,45.83763913147229],[10.778144518065726,45.84260357809294],[10.791214673849492,45.83345736510794],[10.825861305378808,45.83768802164843],[10.840150472097324,45.83275599762336]]]},"properties":{"reg_name":"Trentino-Alto Adige/Südtirol","reg_istat_code_num":4,"reg_iso_3166_2":"IT-32","reg_istat_code":"04"}},
{"type":"Feature","geometry":{"type":"Polygon","coordinates":[[[10.840150472097324,45.83275599762336],[10.834549782621911,45.818192694873225],[10.814781320821238,45.804044362602276],[10.77198570117388,45.75077933180104],[10.702007049357494,45.67273538486539],[10.631043073923806,45.609508673381576],[10.628467659341535,45.60205660926904],[10.64300770649911,45.45756799568727],[10.647411970775641,45.42375198010684],[10.66523409088153,45.42771707206204],[10.702349758065635,45.421357970043395],[10.716484394172532,45.414979971986526],[10.716841881962349,45.395567879694575],[10.699546363672532,45.37596656731033],[10.714041050920656,45.36715692293454],[10.685544412922736,45.35368461620993],[10.686904802767392,45.34264978273129],[10.715029519166658,45.33386815070485],[10.712320274151228,45.322396402593455],[10.7311508783499,45.315190386446574],[10.728348037911491,45.291302133185084],[10.737415845951581,45.28724484925183],[10.782815303410473,45.31542157934705],[10.816315773265066,45.293393632710554],[10.840011189797265,45.272894477685135],[10.84660810424607,45.256568843798476],[10.899658321493959,45.24567080885719],[10.901475086005037,45.23787225702761],[10.936790161222216,45.23293856638018],[10.93145531890578,45.21761064555521],[10.94696015261513,45.20656339943846],[10.96603245948601,45.205608064773095],[10.990676637975449,45.19566473246492],[10.998797238900599,45.164701382322335],[11.011041062513062,45.14887756031358],[11.028365545738662,45.15923800594397],[11.04384765437478,45.13427930662959],[11.028931481737866,45.12787467676738],[11.038991766203669,45.11400433112891],[11.07294249043036,45.09874859437303],[11.09412483082287,45.09970492556845],[11.105585505159842,45.10820458807835],[11.127404591230142,45.10322716954803],[11.145875541466344,45.12600681456554],[11.187559252024815,45.10994933877188],[11.17681638886993,45.08849150759636],[11.174295019231435,45.06156136657682],[11.200548613230842,45.06025747704263],[11.235031405169686,45.04457212277956],[11.256959319765668,45.05390759586699],[11.270369965902411,45.04400972202854],[11.263142281622676,45.033584948770695],[11.275497048376165,45.0173117712426],[11.31321572350748,45.00973021691534],[11.331854484850512,44.99223393968608],[11.424416958497403,44.9618954248628],[11.426742046083852,44.950083466728024],[11.434076905604012,44.929395440743434],[11.465820280978667,44.935994532851396],[11.526873536904436,44.937226009909715],[11.586428689769857,44.91133916970738],[11.592083666137961,44.892039226362876],[11.624808828323244,44.88922311847733],[11.66959014760072,44.91406269183622],[11.715532277408277,44.926337589735446],[11.73293308175525,44.9266093092433],[11.744746370619252,44.93712779755403],[11.747036296701276,44.95809666378717],[11.783826521663494,44.964186081871226],[11.80471913689936,44.97696126987197],[11.837927769578659,44.972782511091786],[11.889778504569431,44.97697232301912],[11.926377191085711,44.9747928182357],[11.962678873126167,44.98682771783861],[12.016908017108658,44.97646338846002],[12.047486843196006,44.976963507553144],[12.05688883055169,44.97060124720032],[12.09156364635277,44.97020708210518],[12.116183288325896,44.95767280715198],[12.127579870893022,44.93549529746031],[12.14443032274788,44.928288739511686],[12.169144604547231,44.942089931580846],[12.191272022438092,44.92557573411923],[12.224971817956783,44.92298072526755],[12.23544672988524,44.93138495381728],[12.274488950945127,44.9434718450525],[12.292279123038574,44.931626405014526],[12.282185377923225,44.91150988118601],[12.286650746142843,44.87030537518716],[12.303835765720596,44.85538777474906],[12.334391521436283,44.852617319207376],[12.343452135297138,44.84583466419225],[12.353282333911011,44.81702709616781],[12.398107721854077,44.792777500659106],[12.42236576588328,44.811057833805044],[12.424355534262286,44.827176499390696],[12.466072597184713,44.84370049564692],[12.481404454506599,44.86801158895799],[12.509930666768263,44.92660584984226],[12.553530253073104,44.96896618460345],[12.509264451446521,44.99461163923971],[12.484937411471028,44.99305885824029],[12.448606415325028,45.01152606494145],[12.401169285159797,45.0420916857034],[12.365648402929358,45.072402242085424],[12.356621784559753,45.07534110722957],[12.336948851946406,45.09829362019169],[12.326755865427,45.13675564843257],[12.334213325468728,45.162137283588095],[12.306017764015243,45.19531574570902],[12.30018942671574,45.216178543232054],[12.304829298545663,45.234754851760094],[12.298014699722454,45.24560298642014],[12.306993620044578,45.286496716110484],[12.330394350956855,45.337170705533694],[12.332382736718413,45.3543710772362],[12.360709047884551,45.3960209717201],[12.378795204831404,45.41389025684671],[12.401960499606124,45.42866708609493],[12.427986605132896,45.41850771329457],[12.467536365284223,45.44477393254673],[12.584403872603493,45.47873590540212],[12.644284296800182,45.50284912808412],[12.71940677045108,45.52548462648169],[12.757142654122791,45.54054059178214],[12.787950549656776,45.55657997818064],[12.866787358951173,45.58825904297965],[12.917054971821436,45.61163057164136],[12.974121707452237,45.62501799139737],[13.064973341013967,45.631116010447066],[13.097660026405727,45.6352660736719],[13.100794338505287,45.64339220462943],[13.066909003859218,45.67086224578167],[13.044369701336223,45.68430811824463],[13.036844276617435,45.69938422708645],[13.038518535776415,45.71723513812432],[13.016431979042306,45.73061466872879],[13.001190728957033,45.7492878353353],[13.006064031110101,45.76590845025742],[12.977837250578336,45.787941247934555],[12.976907083514718,45.83454624843172],[12.95199521708525,45.843518199767665],[12.952065062723852,45.822206126791045],[12.929495523158936,45.817351083562684],[12.920513095474496,45.83134026131105],[12.89007490427202,45.82052463518678],[12.86967133544591,45.8337573879738],[12.861225759328955,45.85061466572536],[12.843533905888135,45.847756771853156],[12.818820796520004,45.825011776732204],[12.801854979498673,45.82289785043682],[12.80330700233444,45.844965236946464],[12.774229327477187,45.852625576691715],[12.742863984563344,45.82661932201601],[12.728886510214833,45.83660534902445],[12.696479911482793,45.80747740705272],[12.674390897580599,45.79213471837748],[12.64972909194013,45.80187548360866],[12.646202175662191,45.82057099711852],[12.611312037660703,45.83266935234583],[12.59444198899238,45.830766807842664],[12.595653892724334,45.81682382181484],[12.564477568403275,45.82921519285027],[12.549614667573593,45.86069627367907],[12.532567969176926,45.880266674884666],[12.500833953709316,45.92520964121963],[12.466874615422428,45.93200348874681],[12.45291845608102,45.94714393097901],[12.426142477916622,45.947009535182815],[12.426833129936156,45.99639335060584],[12.405081724353538,46.042737405885404],[12.435646276684064,46.08312468245093],[12.472371936424084,46.09601897168541],[12.485267474497205,46.10652086361155],[12.4986270038005,46.13845111462059],[12.489888356576385,46.157227141768004],[12.462797724849684,46.167570983031204],[12.44698327924313,46.180341273702645],[12.44216011098481,46.208542773479905],[12.407258982505981,46.20702409913584],[12.401681084928581,46.228996929654734],[12.376419780983282,46.22294136738327],[12.34101024790817,46.240199950828604],[12.323996836782024,46.25615316181762],[12.329045257775453,46.28278964724507],[12.351435608336335,46.29380088862638],[12.35465666073827,46.31968051521246],[12.374511513065563,46.329251132295006],[12.412336169636205,46.33234327762011],[12.428667181730416,46.35159420613053],[12.461133816020315,46.36933552856472],[12.469099845446083,46.390037914520455],[12.489419047554094,46.40873742568044],[12.504578172910229,46.44001435818874],[12.524795346876767,46.448573224035314],[12.568196843139308,46.47571558478008],[12.606787802097015,46.46428481138321],[12.620751490660869,46.47536728332557],[12.662363382893748,46.46796732206011],[12.654062834003472,46.4843870368024],[12.630075179514028,46.500825520846824],[12.619163995336317,46.54003573841037],[12.636870726252521,46.57202776322761],[12.6569589997246,46.57279174047703],[12.690221138130614,46.60062117860178],[12.707841350501878,46.6020294568863],[12.70472096940657,46.61839564476355],[12.73198089514063,46.633812408853856],[12.716703565708075,46.64757262595701],[12.686030678377271,46.65603653082956],[12.642456312349967,46.65193473514156],[12.631158643310508,46.66053857867704],[12.564575110660204,46.651105723858436],[12.526762663114745,46.67428001737935],[12.477595181695758,46.67981981749721],[12.437516045413755,46.66892462031345],[12.40396790883985,46.64302496104681],[12.379773553393605,46.64290738956439],[12.385163328166872,46.6227817180878],[12.359431910477232,46.61974293184442],[12.34143032831318,46.62995208853156],[12.315894614390443,46.62999593483156],[12.305503735139903,46.61917344939915],[12.286066742483852,46.61791144880374],[12.255707256381404,46.62715691358397],[12.232181730867172,46.614045505297284],[12.19447447880672,46.604746834254215],[12.194425893499089,46.61951511981015],[12.171328320935338,46.63410142367319],[12.14640744292712,46.63417987702874],[12.07831081473601,46.671707421006325],[12.067149681134225,46.65395225248043],[12.065663776137859,46.62699102593261],[12.046623601159906,46.608081503349936],[12.043768888803461,46.58192256338717],[11.998418884010851,46.532855710212615],[11.987560564908225,46.54529918203877],[11.949534260363345,46.53923084758884],[11.93388747702731,46.52789749052381],[11.911883946852067,46.532960250903955],[11.888028692093116,46.522843478483125],[11.85319532388609,46.51820435928097],[11.828312394011084,46.50891394061796],[11.810464012822367,46.48507218815163],[11.813178632140252,46.47817092634751],[11.871088273597168,46.47319042645363],[11.88682569042737,46.464566814041675],[11.888130602461134,46.44177550055046],[11.869949236885073,46.4331616473493],[11.850290218832246,46.434159748868716],[11.832326379905126,46.38759197604767],[11.813472448206385,46.36760032614325],[11.790946272611476,46.36666313277082],[11.774378551985945,46.35824165458297],[11.799982833619376,46.34422943274905],[11.802787900903919,46.33432288443313],[11.831891161450791,46.322661438730954],[11.841446209692396,46.30634051743257],[11.826261275387683,46.28497052595666],[11.840847491807969,46.27007760051908],[11.88524794929762,46.278808757467665],[11.886261588504,46.25819042378501],[11.912619058761841,46.252675152077074],[11.92481532295966,46.2429533058101],[11.909569450361648,46.22442755987473],[11.939554649438593,46.19877337079593],[11.962440718737328,46.19912915983882],[11.950825393949039,46.17011371540331],[11.929449637105447,46.17103904869568],[11.919492509152475,46.14855177109419],[11.889658173368664,46.1195878304609],[11.806583771209043,46.10272345467673],[11.750770099622311,46.105136998533894],[11.718022505478192,46.10332868048852],[11.703456056282086,46.09049420103712],[11.682347148772322,46.08998654045165],[11.6864630306509,46.06700277442263],[11.704308964275205,46.05224081968116],[11.700224749873744,46.04459378696731],[11.667225789984174,46.03818185540229],[11.680591191989864,46.02556646031566],[11.669174392977638,46.017710373689575],[11.689624096436717,45.988510341648684],[11.685804473665499,45.96928585004288],[11.627608408375838,45.960640915020385],[11.600317541348334,45.97134678623553],[11.58759202461227,45.96899707300028],[11.577230061767603,46.006520280160494],[11.552326915137353,46.011668521229105],[11.494186145308266,46.00965164752992],[11.44666384183682,45.980922873381736],[11.39573119750858,45.980477514169806],[11.372415417138011,45.973232206182466],[11.38330759626698,45.9510304014417],[11.364339148994665,45.942420972695786],[11.358056942697678,45.92529461924131],[11.336753902402572,45.914483418160636],[11.313340122790427,45.926579690101995],[11.303775776976844,45.918236566424035],[11.261342017756775,45.91574858969563],[11.251121140251863,45.8961232123364],[11.239572113736772,45.857025872790835],[11.218453818868406,45.8439617532193],[11.218799213780787,45.83260173191238],[11.19866509630058,45.824188750225865],[11.189451776612799,45.80488908283267],[11.202787776741248,45.783372963614084],[11.173965663332288,45.787082349416316],[11.180655934943479,45.76290746457474],[11.174164040946474,45.732525683186466],[11.138661960898613,45.70931563019542],[11.138512570862703,45.69684979981406],[11.090033770710786,45.696131380434636],[11.052757992366075,45.71656709252312],[11.041376974820288,45.70631909147232],[10.996113471044575,45.707979283827065],[10.995473161396351,45.69649848084163],[10.973125964700873,45.68335087074298],[10.951232877752288,45.68452234490019],[10.942900721596295,45.67306256986462],[10.911997606236854,45.688314670696236],[10.925998666824816,45.6991725207443],[10.881473487679717,45.717277200595724],[10.84383237642482,45.71859281460763],[10.865244383969227,45.76130128879313],[10.882284131944184,45.77194468422884],[10.8727237285926,45.78838368004843],[10.88159255636517,45.81758069580788],[10.840150472097324,45.83275599762336]]]},"properties":{"reg_name":"Veneto","reg_istat_code_num":5,"reg_iso_3166_2":"IT-34","reg_istat_code":"05"}},
{"type":"Feature","geometry":{"type":"Polygon","coordinates":[[[13.100794338505287,45.64339220462943],[13.109309870011232,45.66288274098189],[13.15085524530421,45.69192535782093],[13.152268656662967,45.70050258002454],[13.185788890021344,45.71115424211474],[13.24452333999311,45.71325106719252],[13.290640146671612,45.70449165585323],[13.32319178100289,45.68738787397164],[13.351624468745966,45.6789887642625],[13.367729525545235,45.682836030696876],[13.385727580775137,45.674776903109134],[13.424151970137451,45.67668574929257],[13.45487377207373,45.6904828437587],[13.467905450428844,45.70274097834644],[13.486836229909786,45.704629217090634],[13.530563591182306,45.72334677544986],[13.520831167487437,45.762880136093465],[13.548557386521766,45.7921887074272],[13.561908807254229,45.7784227056263],[13.583250565483695,45.77975457937757],[13.59896269921799,45.7728107440687],[13.631006710596429,45.76807174595998],[13.643601666020574,45.75634786325649],[13.676951796246957,45.73698026534873],[13.753411006619773,45.68047592709619],[13.769256894478781,45.65295830892449],[13.747313019164832,45.63947208420062],[13.773900874883447,45.629807806793984],[13.783897864806404,45.61302701481878],[13.77289454058001,45.604537435588895],[13.739522789512142,45.60960094013089],[13.720112161127412,45.605842383415315],[13.723064029541876,45.59478023725508],[13.745957698595541,45.597797764140644],[13.781049571463964,45.58411596435935],[13.810526938229005,45.58092671614102],[13.84938031471965,45.58477770719721],[13.8741158333707,45.610428024821466],[13.918066019650006,45.63114280404766],[13.903127543702844,45.6425659268321],[13.858128814682207,45.66566857769377],[13.831046190087337,45.69269472364844],[13.827080698026188,45.714263890227386],[13.811270611744884,45.72283120136289],[13.796296436878556,45.742703023159024],[13.73589395907163,45.759648963782105],[13.670534642762073,45.79816455723568],[13.623289531634434,45.79824714277242],[13.596289005839877,45.80793968771222],[13.589321717581665,45.83133621091684],[13.573642908493643,45.84921705937255],[13.591045042446448,45.873176957427795],[13.594993007257063,45.89154400173787],[13.608855147862617,45.899161068513635],[13.636272942434346,45.934043006220634],[13.63456688825539,45.953928711220165],[13.642027094648697,45.98233797018419],[13.585099039133716,45.98802576326907],[13.568710077918897,45.969172967741336],[13.530576085306196,45.96639177040572],[13.50029382745208,45.981801497376466],[13.476190263760719,46.00625385097461],[13.497049238734332,46.01770651071827],[13.510016063414614,46.04624599921496],[13.500964166054882,46.06166256637888],[13.52994504107333,46.06769824917741],[13.543344575301735,46.080715980817565],[13.572087859969077,46.08861523861422],[13.582971239865959,46.09965423917365],[13.646932118713128,46.14043411560347],[13.663203299980257,46.1801180739753],[13.645717508934458,46.18834760938322],[13.614534741079328,46.1844106360645],[13.58554026663801,46.19027397872169],[13.565090797961545,46.18781324510319],[13.561239296815794,46.2043359222077],[13.529544160608356,46.21701670882174],[13.497864703503435,46.217475955278545],[13.48438569474781,46.224552362162996],[13.444878545324272,46.2238435749423],[13.446298745320906,46.21284291042601],[13.423452384021717,46.20633666263765],[13.410773966139478,46.21229624213653],[13.422451260161159,46.23433523804071],[13.406100121798517,46.243440486270515],[13.39155188016571,46.279756807947],[13.375547489950051,46.29821771287604],[13.402797140161272,46.299995497446],[13.418141789134395,46.31817400070654],[13.447255734715048,46.33039164731052],[13.437142377610412,46.355191486194194],[13.467126300175376,46.360853562011236],[13.481981005241812,46.368997544073466],[13.516261177518786,46.3767820627978],[13.569548152677225,46.40169086748217],[13.582184857758136,46.42986457381961],[13.598629458964618,46.43903818848506],[13.647457367987759,46.44597119281433],[13.68423557397087,46.43741958011427],[13.697371563903925,46.45429224624921],[13.694603883559855,46.468191329486935],[13.70532796561728,46.47734030958012],[13.703493876074571,46.5013498235614],[13.71629740641716,46.50832383493122],[13.713851953313034,46.52308313815085],[13.674666909729082,46.52330867325119],[13.62707414521953,46.54152493408723],[13.591206580279595,46.545593998757084],[13.569900813019602,46.538883639972255],[13.564064345721437,46.55052138871114],[13.54244345760152,46.553620537079205],[13.519874580202755,46.546960094632965],[13.504100246859077,46.56607595956458],[13.475609479688199,46.55841159447623],[13.427267603488906,46.55763226580181],[13.407936943805575,46.56162018754142],[13.405838324543828,46.57212003558814],[13.3727504715915,46.57935960154848],[13.346250800652049,46.56876488570636],[13.320536575937703,46.55209025667313],[13.300737725295557,46.55858537243001],[13.266561500674204,46.56007842526606],[13.237377309080111,46.55318603376877],[13.214815414391127,46.57013685381312],[13.196877605016292,46.57162583899008],[13.163668655095915,46.5886046867511],[13.142694412383669,46.58900419295312],[13.082018747783538,46.60044615534528],[13.044537065148946,46.595762726778844],[13.023326641199217,46.60136600543012],[12.987686738958592,46.59942683357565],[12.934639979327326,46.60827336638672],[12.867696052173988,46.60916888874661],[12.85198949158423,46.60507872636139],[12.833654244283936,46.61065476698964],[12.837321296905547,46.62742546691647],[12.802852710018694,46.63375327102882],[12.791619458206151,46.643014537530036],[12.761864394060021,46.647809805786906],[12.73198089514063,46.633812408853856],[12.70472096940657,46.61839564476355],[12.707841350501878,46.6020294568863],[12.690221138130614,46.60062117860178],[12.6569589997246,46.57279174047703],[12.636870726252521,46.57202776322761],[12.619163995336317,46.54003573841037],[12.630075179514028,46.500825520846824],[12.654062834003472,46.4843870368024],[12.662363382893748,46.46796732206011],[12.620751490660869,46.47536728332557],[12.606787802097015,46.46428481138321],[12.568196843139308,46.47571558478008],[12.524795346876767,46.448573224035314],[12.504578172910229,46.44001435818874],[12.489419047554094,46.40873742568044],[12.469099845446083,46.390037914520455],[12.461133816020315,46.36933552856472],[12.428667181730416,46.35159420613053],[12.412336169636205,46.33234327762011],[12.374511513065563,46.329251132295006],[12.35465666073827,46.31968051521246],[12.351435608336335,46.29380088862638],[12.329045257775453,46.28278964724507],[12.323996836782024,46.25615316181762],[12.34101024790817,46.240199950828604],[12.376419780983282,46.22294136738327],[12.401681084928581,46.228996929654734],[12.407258982505981,46.20702409913584],[12.44216011098481,46.208542773479905],[12.44698327924313,46.180341273702645],[12.462797724849684,46.167570983031204],[12.489888356576385,46.157227141768004],[12.4986270038005,46.13845111462059],[12.485267474497205,46.10652086361155],[12.472371936424084,46.09601897168541],[12.435646276684064,46.08312468245093],[12.405081724353538,46.042737405885404],[12.426833129936156,45.99639335060584],[12.426142477916622,45.947009535182815],[12.45291845608102,45.94714393097901],[12.466874615422428,45.93200348874681],[12.500833953709316,45.92520964121963],[12.532567969176926,45.880266674884666],[12.549614667573593,45.86069627367907],[12.564477568403275,45.82921519285027],[12.595653892724334,45.81682382181484],[12.59444198899238,45.830766807842664],[12.611312037660703,45.83266935234583],[12.646202175662191,45.82057099711852],[12.64972909194013,45.80187548360866],[12.674390897580599,45.79213471837748],[12.696479911482793,45.80747740705272],[12.728886510214833,45.83660534902445],[12.742863984563344,45.82661932201601],[12.774229327477187,45.852625576691715],[12.80330700233444,45.844965236946464],[12.801854979498673,45.82289785043682],[12.818820796520004,45.825011776732204],[12.843533905888135,45.847756771853156],[12.861225759328955,45.85061466572536],[12.86967133544591,45.8337573879738],[12.89007490427202,45.82052463518678],[12.920513095474496,45.83134026131105],[12.929495523158936,45.817351083562684],[12.952065062723852,45.822206126791045],[12.95199521708525,45.843518199767665],[12.976907083514718,45.83454624843172],[12.977837250578336,45.787941247934555],[13.006064031110101,45.76590845025742],[13.001190728957033,45.7492878353353],[13.016431979042306,45.73061466872879],[13.038518535776415,45.71723513812432],[13.036844276617435,45.69938422708645],[13.044369701336223,45.68430811824463],[13.066909003859218,45.67086224578167],[13.100794338505287,45.64339220462943]]]},"properties":{"reg_name":"Friuli-Venezia Giulia","reg_istat_code_num":6,"reg_iso_3166_2":"IT-36","reg_istat_code":"06"}},
{"type":"Feature","geometry":{"type":"Polygon","coordinates":[[[11.426742046083852,44.950083466728024],[11.405733531378337,44.9486887133124],[11.378192849001184,44.957926024414945],[11.357155454240198,44.950080507927886],[11.322796388049413,44.96116411655121],[11.285372897893724,44.95676128968645],[11.27225723428784,44.93832271740273],[11.246205691807146,44.95143858598219],[11.20207912333205,44.93948680911677],[11.142630035636262,44.93767791558538],[11.11624980056462,44.95489565450351],[11.072128018169451,44.96171682639127],[11.05957084598631,44.949248408467575],[10.998076384909526,44.95485691998387],[10.966382345329743,44.93451272871808],[10.950594927568739,44.93332884803657],[10.941373627186426,44.92191399460451],[10.913918554893385,44.92313476927996],[10.890308766598965,44.91243772859654],[10.840141360702255,44.93194007375264],[10.80877522524444,44.9360735595217],[10.744566559717319,44.94892911554937],[10.74815550012184,44.96269971431644],[10.731588859604356,44.99140398242953],[10.711333272361674,44.983000278991405],[10.710772560454512,44.97308580963346],[10.678910041149047,44.97639251764635],[10.66470377018788,44.96890840880123],[10.650330078666032,44.94807660720539],[10.6251804331523,44.925624926866334],[10.598825415926266,44.914744577798736],[10.566066976308235,44.90846510920594],[10.51496925197712,44.914411695292095],[10.501140145506545,44.92383038276818],[10.46400282366987,44.93717896473519],[10.435668369655696,44.94313646749744],[10.416767797084157,44.977650005325934],[10.405673984357806,44.98449428046796],[10.383365835763362,44.979109045150565],[10.365288018618653,44.966102852342566],[10.347273868536856,44.96954851024028],[10.308900787022015,44.987377474877306],[10.299856348362766,45.000281446051],[10.27393413651919,44.99852118914661],[10.254086164695122,45.01865295877317],[10.211067550304056,45.03403182115535],[10.193959022160142,45.02815527243949],[10.157721351440088,45.044079037354045],[10.147661966258195,45.03548615257844],[10.106190803722413,45.02213035147072],[10.084486285250712,45.03238642451784],[10.082307534936264,45.0466055798664],[10.057349648053696,45.041447330562576],[10.043509717025238,45.063079868917384],[10.021316882238645,45.07717925530018],[10.02923246730981,45.094895553199656],[9.992727088452183,45.12975822961339],[9.97119102528033,45.132346843362015],[9.932122944864608,45.102606813920985],[9.915208559028986,45.10042126935197],[9.92625535757678,45.13196407906793],[9.915507435512696,45.13899102244558],[9.881033422371056,45.127001886842436],[9.879389143358113,45.11184676660849],[9.900628073534913,45.095442155793016],[9.896772758322948,45.080538642113176],[9.882843477358465,45.07450798811221],[9.863435106560221,45.09247080205792],[9.84400456279687,45.096810845569124],[9.831248517978223,45.08219559217636],[9.835160927538979,45.06904251139725],[9.816559302572799,45.05445917974249],[9.810098286039551,45.079854274519846],[9.778962214974449,45.08958407091466],[9.76665637498456,45.10726567236622],[9.745053601629126,45.105833397694234],[9.753101098271213,45.086599442326815],[9.747724006933415,45.07572470902722],[9.713726944733748,45.058397804356915],[9.676892967312034,45.07760824499195],[9.643383819821004,45.08045595856354],[9.63141979153896,45.087796124686506],[9.6383072182911,45.12430470362939],[9.618412918391387,45.13301976508851],[9.613324676140842,45.113909656588476],[9.60188197969331,45.10414069184723],[9.568583253854992,45.107339289973986],[9.548661304684034,45.13265151991728],[9.537442663283153,45.11487708974785],[9.550611396063713,45.095231170997124],[9.532026255051647,45.07843206696922],[9.501469265097622,45.103568062342596],[9.465896793630739,45.09469000331588],[9.439006420205793,45.093446279125565],[9.436962978020565,45.08354191551815],[9.412650311405777,45.08365169488176],[9.370820124791253,45.04815383213946],[9.375605660530628,45.01991804942658],[9.365870983735583,45.00304264193521],[9.343107452579865,44.99140641278932],[9.337548453147974,44.965380524231485],[9.324591638837006,44.956047103604035],[9.314532283072898,44.93682015396609],[9.28634596693636,44.933950556491325],[9.292966795842966,44.920457848874406],[9.277409533167564,44.89560893450794],[9.29011350921031,44.88220651345404],[9.342381879846869,44.8672714589423],[9.357650910933568,44.81456221430972],[9.329870714868392,44.799990279014224],[9.317871887543516,44.78621492319925],[9.2869749960292,44.77249641928369],[9.286512777191838,44.75867913213141],[9.332580785900287,44.73504034629492],[9.308480723548053,44.70563453388732],[9.324637465427283,44.69001562396267],[9.298507087502351,44.68101424487876],[9.278606171219247,44.68560003882242],[9.257588772314934,44.68122020786007],[9.240010805568083,44.71151535853423],[9.232259071635042,44.703325651305455],[9.24213247814376,44.687456688346344],[9.20031989688178,44.68640483125319],[9.206386414083552,44.66078977265744],[9.198819596883729,44.65010834313302],[9.202973128494426,44.61349420348926],[9.245502619879245,44.619647809742226],[9.272485410111088,44.59593908800048],[9.3004186269751,44.60777398611881],[9.336341334122707,44.582029090926625],[9.369424404416888,44.58311971140508],[9.41907033342894,44.595286279833566],[9.420871382729901,44.577577917986694],[9.453358231042744,44.56213406323986],[9.469641744258459,44.565871828910666],[9.493338442500045,44.55587663431659],[9.488303701963424,44.54835112462913],[9.504607670858661,44.52995999519449],[9.49526286368508,44.50254742924252],[9.496803434917794,44.48273040451411],[9.470551456586316,44.471952847073425],[9.452266108430836,44.440431735743225],[9.439599637029765,44.43007852604201],[9.474174153997895,44.41224977693472],[9.492842222485015,44.42331618030364],[9.550705868313731,44.42802847692267],[9.554841077810453,44.43799434922614],[9.584920735497475,44.42840037393865],[9.598170779114204,44.43674031652972],[9.612968477145792,44.42585856720322],[9.663001451267288,44.40065941231059],[9.671593776007434,44.37044978231425],[9.68670044224306,44.36593956090598],[9.716899232093878,44.383174487705],[9.732073182545285,44.379378523134854],[9.757396312008423,44.390207651244346],[9.752882312546943,44.400858543613886],[9.81086585367603,44.45098342616568],[9.82555416445147,44.46764345939098],[9.85514140725955,44.47060776037689],[9.909226790945596,44.4679617837425],[9.933099152693867,44.47111111097801],[9.970712552532666,44.464440015318246],[9.981068435228584,44.44512246910038],[9.996040376641588,44.44696342111089],[10.006431730247918,44.432395958025865],[9.989284712433154,44.40433116180693],[10.008398149983451,44.390102928399116],[10.053178321835142,44.373033354488015],[10.078083759021622,44.356707462739],[10.105060688213396,44.34980200582377],[10.144533144391845,44.35328325253657],[10.159860099627956,44.34471218534453],[10.167905837294612,44.3299104848749],[10.218143924962895,44.3046880125888],[10.253856660736478,44.26858093254834],[10.29639696094244,44.28517531851512],[10.337135125484401,44.27150733711684],[10.377049988231486,44.267083955424546],[10.407397256031848,44.24930836248029],[10.41460423250653,44.235362060531244],[10.430782667676324,44.22664512592144],[10.466402780138202,44.2296684924493],[10.491787392108938,44.217558166394376],[10.486892465366465,44.202520658821676],[10.522938734123727,44.174838429765494],[10.52493093005767,44.15700374630545],[10.568806880190474,44.136548676249255],[10.593103756892818,44.11541513357501],[10.624055891542973,44.12036613364534],[10.622564351306668,44.141177052561446],[10.640993598748471,44.15951994435189],[10.661620110696376,44.15401563939102],[10.741611896805939,44.1563994364019],[10.76050787370211,44.15020786848757],[10.773259236534747,44.13466038436828],[10.798093848017292,44.12627279410696],[10.819149806281972,44.11245072682146],[10.842804301753228,44.10962878571709],[10.849214631348804,44.09814259714273],[10.875524784631539,44.09999873375757],[10.901936064564019,44.086349422843135],[10.899139510522117,44.06647682425839],[10.917716630310512,44.06277848222959],[10.92670745556618,44.074877171126914],[10.944732538092424,44.08167699676251],[10.971373316063618,44.116269236098546],[11.006391387009621,44.138833232618275],[11.01492934422946,44.12521435483017],[11.002110623795222,44.112351704096184],[11.0291073343004,44.09581157881059],[11.09044950072995,44.090684918746796],[11.125412519936198,44.10761807556808],[11.154855738833971,44.11181087818379],[11.208171312542206,44.09921045586805],[11.241233195595711,44.09765660298056],[11.263687992820769,44.104272014305636],[11.248962923041457,44.116816102999486],[11.195865332850323,44.1430084380823],[11.234639635336679,44.15841205013542],[11.281216425047374,44.15629811922364],[11.295802798237045,44.17239565042782],[11.311852313324655,44.173696848803075],[11.324242510066433,44.19293213814708],[11.346107779641205,44.20500717632264],[11.380545126045057,44.20000076225834],[11.393627841066404,44.217134963355846],[11.420877407149439,44.23822112125055],[11.451411079843192,44.22063071059184],[11.447949786433512,44.204930493387685],[11.467723316739516,44.18580116206242],[11.522067187828972,44.155484990584405],[11.544818944330869,44.15260863335991],[11.55297560903347,44.16574281839318],[11.604152449811838,44.15844401992562],[11.617832993643525,44.145713077624066],[11.599715136189484,44.125150758454346],[11.638746380964337,44.11152252979982],[11.65257375820234,44.100857410280774],[11.681737638833672,44.12269631679523],[11.720301395673316,44.120707114246045],[11.745004769762977,44.12596942267987],[11.752937176671084,44.12053625367707],[11.733401797990785,44.08470722072543],[11.700695303734994,44.05555900292783],[11.695828390755317,44.039099433400885],[11.681888778409146,44.02120405839899],[11.662877422983446,44.020340587912635],[11.663854374717653,44.006198481217076],[11.650145118158267,44.002992246941425],[11.646191152566832,43.98832211070506],[11.660253889621352,43.97462316915682],[11.692599679132648,43.953239658768915],[11.682381493391523,43.93826638327529],[11.717031647445062,43.92181760366623],[11.708474366186865,43.88586407193353],[11.732021554276123,43.86338505387151],[11.784168361967314,43.847648062661904],[11.820910038302532,43.81603060697692],[11.841673810374619,43.80802399677731],[11.856060657552266,43.81590077691467],[11.897594733849456,43.808210516064904],[11.916980522220744,43.796137629237556],[11.948284669297454,43.79038147104506],[11.951462645670915,43.77757201379106],[11.986510523157142,43.76192759247721],[12.009565117510432,43.76465501187306],[12.06039680796726,43.753625554092864],[12.077060609425697,43.74065395075143],[12.107443242772554,43.75377371937857],[12.123577437369459,43.74915048372766],[12.160047018822546,43.761688042269476],[12.194632657386748,43.731924322771306],[12.209292502823955,43.75505645233998],[12.228089328324812,43.759596636283334],[12.253098767783412,43.752632970993744],[12.258026786609523,43.76042742546586],[12.283780955023417,43.76491721240244],[12.286199790110153,43.7948596128393],[12.319444446667921,43.80567835504585],[12.34979439810827,43.79960153575757],[12.368304720688853,43.8128946106322],[12.387966892197527,43.816787276019134],[12.398544440439906,43.8263582202131],[12.391469382026989,43.84699202673034],[12.403542918411718,43.87491113022036],[12.445805813793793,43.87124828446005],[12.462394027032948,43.89377138161097],[12.439597328503487,43.90557481203509],[12.416549518630575,43.90026657553581],[12.408272965831864,43.92152244449042],[12.415249509621846,43.93073547878945],[12.403605361436187,43.95108340034902],[12.439290978237393,43.95909747003895],[12.464053225838725,43.974849167701066],[12.491736535743291,43.983006415161285],[12.510344045609544,43.98022467429184],[12.507275918237672,43.959049745026334],[12.513334130448008,43.93770208685094],[12.492406506208916,43.91827682474852],[12.487404303904652,43.89646930815672],[12.488628378858557,43.88333035412742],[12.541125963265783,43.86453307125284],[12.560289340498608,43.86903325087253],[12.567251215376812,43.88241932762758],[12.590343175326598,43.88298938137987],[12.592508162384418,43.8651044526244],[12.611227565064954,43.83078262753674],[12.624301207311456,43.821047135107996],[12.642953491445754,43.8266360753043],[12.674984930426286,43.82503754322491],[12.682458969723864,43.85286546050517],[12.721862889030177,43.860986796108925],[12.7230926950776,43.87916556508099],[12.734831139879375,43.89602482281171],[12.727118104351284,43.911704980832106],[12.734217847124013,43.9335236383441],[12.753526516296112,43.960029023615256],[12.750621442736197,43.96854450415858],[12.71335468523933,43.974612622971925],[12.688202029265916,43.98712386476116],[12.632253584205687,44.025073911768956],[12.574598360081888,44.079123303697834],[12.555807139025589,44.07853115071584],[12.515908203723587,44.105253389203405],[12.472795262334438,44.14415614391682],[12.427575709379704,44.180892483841994],[12.392335274030795,44.213069472205916],[12.36787342503071,44.249409843694714],[12.351403320602081,44.286428932722224],[12.34283960286314,44.3188350578524],[12.330048446045483,44.345856700908676],[12.315123022759401,44.406622961296456],[12.292055908569457,44.45457924941097],[12.280674849018547,44.511642457619715],[12.282515642656078,44.5867970512581],[12.275787448955949,44.61479259414888],[12.250599179032905,44.6619762407062],[12.252362329816538,44.67558831366296],[12.240243724811627,44.69100454228249],[12.244081228363896,44.740299610899804],[12.2571763921868,44.78006947345075],[12.284675797912858,44.815603071574365],[12.258928508708575,44.815625815204186],[12.289715319392016,44.841647153589015],[12.316929113212204,44.84126417310364],[12.335466370331083,44.82389607758242],[12.372760490167348,44.79639088367125],[12.381349119988878,44.78550675965422],[12.398107721854077,44.792777500659106],[12.353282333911011,44.81702709616781],[12.343452135297138,44.84583466419225],[12.334391521436283,44.852617319207376],[12.303835765720596,44.85538777474906],[12.286650746142843,44.87030537518716],[12.282185377923225,44.91150988118601],[12.292279123038574,44.931626405014526],[12.274488950945127,44.9434718450525],[12.23544672988524,44.93138495381728],[12.224971817956783,44.92298072526755],[12.191272022438092,44.92557573411923],[12.169144604547231,44.942089931580846],[12.14443032274788,44.928288739511686],[12.127579870893022,44.93549529746031],[12.116183288325896,44.95767280715198],[12.09156364635277,44.97020708210518],[12.05688883055169,44.97060124720032],[12.047486843196006,44.976963507553144],[12.016908017108658,44.97646338846002],[11.962678873126167,44.98682771783861],[11.926377191085711,44.9747928182357],[11.889778504569431,44.97697232301912],[11.837927769578659,44.972782511091786],[11.80471913689936,44.97696126987197],[11.783826521663494,44.964186081871226],[11.747036296701276,44.95809666378717],[11.744746370619252,44.93712779755403],[11.73293308175525,44.9266093092433],[11.715532277408277,44.926337589735446],[11.66959014760072,44.91406269183622],[11.624808828323244,44.88922311847733],[11.592083666137961,44.892039226362876],[11.586428689769857,44.91133916970738],[11.526873536904436,44.937226009909715],[11.465820280978667,44.935994532851396],[11.434076905604012,44.929395440743434],[11.426742046083852,44.950083466728024]],[[12.176541372322829,43.81054074810401],[12.188948872688151,43.80465465250645],[12.218027808886943,43.80278975595545],[12.232508599118264,43.807056758114264],[12.240246053105087,43.79060016548385],[12.187734075964636,43.773738964808715],[12.169755043524868,43.80462521762354],[12.176541372322829,43.81054074810401]]]},"properties":{"reg_name":"Emilia-Romagna","reg_istat_code_num":8,"reg_iso_3166_2":"IT-45","reg_istat_code":"08"}},
{"type":"Feature","geometry":{"type":"Polygon","coordinates":[[[12.213832684495852,43.61088614381951],[12.225045289093668,43.59435436531626],[12.26146452561508,43.58889604366985],[12.272089953352753,43.593872558868014],[12.305540965884536,43.58892746825445],[12.311105952763961,43.599189434693976],[12.334449220589747,43.609904653243106],[12.371296963586925,43.61116541133346],[12.361792359345133,43.595185976337966],[12.366927548405673,43.57721419173641],[12.340848439304429,43.552673996551384],[12.31979391304628,43.553167346547085],[12.312906823049843,43.54309686417492],[12.33323973618084,43.5235804728778],[12.34967681120011,43.52178332306759],[12.36488811144434,43.53258356069634],[12.39904499779886,43.51321936751903],[12.416513866354874,43.53360517838932],[12.437908149142224,43.537673531470496],[12.457519912441976,43.516813637421556],[12.484045455673668,43.52723419723634],[12.517747236797153,43.508072819355746],[12.52418452992818,43.49616103033418],[12.562858094623861,43.46112198690292],[12.584193940621848,43.445927465398405],[12.604760707817103,43.437982925869214],[12.621963352910054,43.42467640349527],[12.663176593427977,43.43683082556802],[12.708812508608416,43.42584235237626],[12.715265426602539,43.4460854932369],[12.734616211800155,43.46434458580205],[12.767446102401285,43.45984788323254],[12.76591229864488,43.426038765839955],[12.780839177057603,43.41481409034439],[12.771717336375586,43.40095496936022],[12.751397725238753,43.39500608623212],[12.749611113518313,43.380878989689265],[12.759341455625089,43.364354064234135],[12.794108068869573,43.33404796774332],[12.802427387825073,43.30470913670011],[12.789238655616401,43.28290881788528],[12.803681804288514,43.27125543585605],[12.82349549278939,43.26684202590504],[12.836604773462021,43.21753429715102],[12.862344817930078,43.21125200738112],[12.86819921886344,43.19505689734775],[12.862635100297256,43.16738819038408],[12.850772229897848,43.1532301054501],[12.833749469107453,43.14765774519574],[12.843003018875677,43.12234421476787],[12.875466372959595,43.12344449733621],[12.885026190521305,43.09964328373662],[12.897221714672524,43.091723520429724],[12.88993480927263,43.058884072287334],[12.906604395048669,43.03549518283299],[12.888539394054504,43.01222578749923],[12.908166385591155,42.98487047891731],[12.895822070507807,42.964592015074615],[12.925991360795466,42.954513916173205],[12.949334930234734,42.92995884012509],[12.976787223906632,42.92568003825685],[12.969056143978337,42.90366495887038],[12.976154918743942,42.869803443045086],[12.990364245400125,42.872141623732176],[13.000129742565596,42.890777715212685],[12.996984014569193,42.90326974889395],[13.024946050004322,42.902573654109375],[13.054705136634626,42.919438741866784],[13.081185817185306,42.899665183580154],[13.112248684827245,42.88933184766667],[13.121747538643122,42.87389848345168],[13.15429817932237,42.83541861214453],[13.18805683722553,42.834653845589926],[13.210800683022999,42.84147584394947],[13.24255429514649,42.85972375918098],[13.255296493538633,42.82258293160704],[13.264029084760987,42.808243684575835],[13.250796084310807,42.78869948561348],[13.245617073691207,42.76776540256013],[13.216185998600745,42.771173086978244],[13.19533136132135,42.761977993262065],[13.198924841646907,42.748045278086884],[13.189209909626415,42.73358686128668],[13.25384355435244,42.72157167454477],[13.264502464842277,42.74018117079792],[13.287952350448384,42.73853838346969],[13.31845147332808,42.7233944936299],[13.341935168866504,42.70146852471002],[13.35775555727035,42.69409814775866],[13.397760022270415,42.68899428262644],[13.427396931384672,42.706425289434854],[13.452108473475942,42.733911381310214],[13.482361182636762,42.732088952796296],[13.50399646717945,42.75046900544668],[13.502316526769478,42.77096910720842],[13.529733288707689,42.79598925389701],[13.535003302135314,42.81679698527445],[13.55324553817324,42.80555586938421],[13.574701490274267,42.800813021969915],[13.620956814148446,42.81570517339113],[13.641412270622418,42.802971319087455],[13.663599847036707,42.80712738737428],[13.69930327955229,42.822615585162495],[13.71088477813112,42.84335747453311],[13.726626407514631,42.85564666764085],[13.773790610613398,42.85944796675109],[13.799335748081424,42.866723029786456],[13.8161233059174,42.8775238894932],[13.880537536676108,42.891813072059506],[13.916207129906372,42.89459082545183],[13.89301573986566,42.93715725079935],[13.881477737302397,42.964131470454895],[13.852598354706236,43.05454280159602],[13.843935220373702,43.101124405546464],[13.816941245413354,43.14730626696646],[13.783529815975784,43.218830104278254],[13.779031696116947,43.23476605034559],[13.762695411799749,43.258036218703886],[13.735905646828328,43.30780183319194],[13.709885246198573,43.33681179608762],[13.66995790868388,43.42554363260336],[13.642298598045896,43.47423718470241],[13.626854988010436,43.49608162874372],[13.621723072916025,43.534737825848865],[13.625544336472823,43.550333115801386],[13.579231089495872,43.56697939060715],[13.55169189570406,43.60289258318337],[13.52621277233321,43.62157633715723],[13.481587780449741,43.606808718028475],[13.436823252750482,43.61527032417717],[13.397137731402362,43.63131015340396],[13.372782526152546,43.644828318495215],[13.355105515536955,43.64814825362928],[13.307963179919463,43.66841842975102],[13.238853603769149,43.70691450897766],[13.170417099247114,43.752267742352075],[13.138205363857509,43.77090549027311],[13.066457555840367,43.82246494423746],[13.022133465668466,43.849754811233225],[13.002707836663232,43.85578560679309],[12.964044393505473,43.88092755641739],[12.907332209037733,43.923002444232786],[12.877658288080136,43.931113497834794],[12.797592693266992,43.96517440149651],[12.750621442736197,43.96854450415858],[12.753526516296112,43.960029023615256],[12.734217847124013,43.9335236383441],[12.727118104351284,43.911704980832106],[12.734831139879375,43.89602482281171],[12.7230926950776,43.87916556508099],[12.721862889030177,43.860986796108925],[12.682458969723864,43.85286546050517],[12.674984930426286,43.82503754322491],[12.642953491445754,43.8266360753043],[12.624301207311456,43.821047135107996],[12.611227565064954,43.83078262753674],[12.592508162384418,43.8651044526244],[12.590343175326598,43.88298938137987],[12.567251215376812,43.88241932762758],[12.560289340498608,43.86903325087253],[12.541125963265783,43.86453307125284],[12.488628378858557,43.88333035412742],[12.487404303904652,43.89646930815672],[12.462394027032948,43.89377138161097],[12.445805813793793,43.87124828446005],[12.403542918411718,43.87491113022036],[12.391469382026989,43.84699202673034],[12.398544440439906,43.8263582202131],[12.387966892197527,43.816787276019134],[12.368304720688853,43.8128946106322],[12.34979439810827,43.79960153575757],[12.319444446667921,43.80567835504585],[12.286199790110153,43.7948596128393],[12.283780955023417,43.76491721240244],[12.301364060689941,43.756014677228336],[12.32707417098214,43.75100981677612],[12.334574723109766,43.73992419467235],[12.367377352818291,43.71565219733094],[12.357324790356024,43.70202482551905],[12.330116779814407,43.70704414198259],[12.336244269595047,43.67813153289437],[12.305766701328102,43.69793827367576],[12.293353927892822,43.68461475662193],[12.271551455123205,43.6765506099755],[12.261383167881936,43.68050588543504],[12.233343891664248,43.65649538079958],[12.185508575456431,43.64182823694129],[12.209575802654891,43.62126904526821],[12.213832684495852,43.61088614381951]]]},"properties":{"reg_name":"Marche","reg_istat_code_num":11,"reg_iso_3166_2":"IT-57","reg_istat_code":"11"}},
{"type":"Feature","geometry":{"type":"MultiPolygon","coordinates":[[[[9.68670044224306,44.36593956090598],[9.70630125394109,44.36618914929451],[9.729455177038464,44.328330588695316],[9.758314290220238,44.31835197618851],[9.769486524932114,44.302211531228096],[9.806400913546463,44.282760177491255],[9.8147841397766,44.286214250643454],[9.854430116631237,44.26805816152147],[9.863463785966438,44.22820139007928],[9.875356615451444,44.22394276093366],[9.85755040667854,44.19350756537493],[9.89139264201512,44.205381152865435],[9.909482844433908,44.20432831861546],[9.921582045044627,44.189762181084895],[9.892365187459818,44.168021659712046],[9.921841620418526,44.17001736351364],[9.97853571380479,44.161303386863565],[9.977281823315728,44.14008018686704],[9.983598092588613,44.124756568380846],[10.002127617007922,44.10765147859572],[10.018610566860138,44.11924714229608],[10.047384560772496,44.11512331386591],[10.068780579836226,44.09828269869192],[10.059960245483524,44.07935450976679],[10.028991370493427,44.0596719698373],[10.018772970142269,44.04447690754418],[10.035283164526133,44.034679165403084],[10.060305733904045,44.02932086956346],[10.090782019849572,44.01258635106045],[10.143623046313436,43.975378547774135],[10.181487305646078,43.94199681452141],[10.209922476150048,43.910567042528804],[10.238126065843034,43.872942169492056],[10.238332919476237,43.85558330415208],[10.257949014640054,43.81387989814069],[10.27741394180014,43.73842737283754],[10.276919164350563,43.7136815697256],[10.282452009168722,43.69286129703297],[10.269709602352254,43.67690027590943],[10.28559810217175,43.64218602023132],[10.292272460546936,43.594351696352206],[10.29947718357012,43.57902150149618],[10.295578797105144,43.54136584984002],[10.312543176647896,43.520239103294536],[10.330446321020137,43.473835405573816],[10.379101626161091,43.448867180371785],[10.399852338967294,43.42235548452509],[10.40498065667801,43.405192215068226],[10.42549023562366,43.3991215780911],[10.440744863970293,43.37076059479092],[10.444221784327091,43.35421197445672],[10.454786953024588,43.34464146445821],[10.462952754854042,43.31815687817881],[10.500501442156509,43.29182129970377],[10.521373583259072,43.252118483645724],[10.530324128157597,43.22214147817984],[10.53843879958246,43.169617858355956],[10.539777367587437,43.13413935993065],[10.536571771951808,43.08394124214847],[10.531808168280516,43.053251717013225],[10.522048241141132,43.02054381276472],[10.510878397141639,43.01146624691567],[10.516062146828093,42.99908413774571],[10.505988593576097,42.99036093367],[10.48525759346475,42.990325724391234],[10.484510056187965,42.96601787018769],[10.498628590963383,42.936441961855124],[10.525444202295917,42.920441680035886],[10.545151917526042,42.92164967943072],[10.54606625903574,42.935428260075355],[10.563485656004179,42.95146338435367],[10.59386153202876,42.95427709490523],[10.645768283414055,42.95311535321979],[10.67652452648938,42.94967601814416],[10.712290676552742,42.94000930516942],[10.754287443534519,42.92158633266239],[10.77549249471678,42.90703840821922],[10.786623989436103,42.88836921166514],[10.769855948707752,42.862551608875116],[10.776017609807568,42.84371240218935],[10.764770456992743,42.815833677258276],[10.742881779401612,42.79820773071069],[10.784965355463772,42.77483344780151],[10.813236019077005,42.77440311072261],[10.846454044196092,42.7689936011848],[10.920868622137553,42.75028925268348],[10.95154518277184,42.73689365593148],[10.980254123491868,42.71570773190993],[11.013565603766068,42.657021636246284],[11.07080279880946,42.635433665475134],[11.086222523022693,42.625822035348946],[11.082466522282274,42.613472356973304],[11.099390469560996,42.60454545309205],[11.109542182618545,42.57864247161226],[11.122715534001019,42.55848468491052],[11.158172324298086,42.56205138924133],[11.178189820498254,42.539283636226166],[11.189384672792613,42.519886992677435],[11.19207083501031,42.50134565095842],[11.186826849364575,42.47115456087572],[11.178614807557665,42.452796616132154],[11.156852611722144,42.4340221280519],[11.122354852877992,42.43470679970415],[11.103529541174591,42.44659878702412],[11.08855535280337,42.42725847642261],[11.09806825831378,42.393252006463456],[11.126098554394334,42.38640457100352],[11.15089552133595,42.370893417468224],[11.188137825152626,42.37201712048875],[11.212516838400663,42.38719107526855],[11.21024986725909,42.40855677176367],[11.25265638844865,42.41954179605705],[11.279116615671574,42.4160512612478],[11.289860227968019,42.40545395245513],[11.30409720311522,42.407496405506876],[11.381135424556605,42.395387385267796],[11.44985198639534,42.37754018126047],[11.450807831843118,42.395047803425115],[11.476852938151673,42.41404756917091],[11.488888402081715,42.43937035650826],[11.518129588374514,42.43358496834801],[11.543511318154492,42.44211478359435],[11.554520788376223,42.43876754527667],[11.617709304356001,42.43604425110956],[11.616172167898888,42.48862647498215],[11.592827020304412,42.49536578833898],[11.580541319969065,42.508770242547236],[11.560857026110689,42.5170281357544],[11.570117917026293,42.53448871067382],[11.58584315756647,42.54176188823665],[11.57855719816654,42.56621097371801],[11.643761703181951,42.5666996891223],[11.65841752085793,42.57704482667137],[11.68577997134707,42.58483210737922],[11.67985146801979,42.59524602816589],[11.710291878922865,42.610022117493926],[11.733129579825617,42.60606187741],[11.751830313557972,42.62559542856614],[11.74975657852777,42.63964887022539],[11.780886173733109,42.63468291084056],[11.804776157679273,42.643999159210196],[11.808941181739822,42.65866675014054],[11.786191004757594,42.670593754768646],[11.781442408587939,42.70745704267993],[11.801555697526368,42.707191578337714],[11.808809051484658,42.731303666725914],[11.818944108716895,42.74290413326728],[11.80864374370872,42.75317244861734],[11.77941952196435,42.758017663939654],[11.76452663930407,42.778971495796675],[11.74601785992857,42.7857596544892],[11.753349305397183,42.802236015438744],[11.775874034047321,42.820673629179346],[11.803285564167808,42.80119808626421],[11.81369934119374,42.82267092908837],[11.847437642203165,42.83765564177715],[11.894965120763246,42.834669882566736],[11.926011299358905,42.86718923335594],[11.959041894503425,42.870587533797746],[11.958798290173082,42.89156141659877],[11.933493825906721,42.909914377576555],[11.93909623724309,42.932516352959716],[11.951666575341777,42.94840060544977],[11.948553546226202,42.96196319024159],[11.980821982646829,43.05636931546026],[11.9565888365665,43.06867678500588],[11.936380398740788,43.05563071198292],[11.923135496075949,43.0800357585703],[11.931214709698146,43.09091645829575],[11.918985691281168,43.12013989451102],[11.924029184452776,43.14777835053108],[11.94033008932617,43.159128809510136],[11.970168825961904,43.16917524415186],[11.987846050754765,43.180832845741016],[12.006424276135117,43.180525965915585],[12.026053385524794,43.19034190108627],[12.039042257270626,43.22884773343311],[12.033837719901332,43.246021252539485],[12.049598171055564,43.2527715534452],[12.085921448752385,43.236334310820546],[12.121822610421045,43.25519400516217],[12.148771051405951,43.254751688555466],[12.174705074068857,43.27308752041104],[12.210063635522662,43.2827279606869],[12.223708113502322,43.296262862482116],[12.195082321335502,43.3142239504759],[12.183162297454732,43.300835326686325],[12.177310846684431,43.282017784224756],[12.133834264124653,43.29252135772187],[12.126833807872334,43.308175556579975],[12.134322356233726,43.31624306802425],[12.135430090332148,43.34065403235318],[12.118769209677568,43.36435900771241],[12.101061620661838,43.37261867929126],[12.073026257932668,43.37041506723192],[12.077786827719715,43.39799701800422],[12.033664382830379,43.40023624860141],[12.025210449791935,43.41557388429967],[12.060503150544202,43.43840984874804],[12.080287761254503,43.43384446538628],[12.096577378047577,43.445648559985436],[12.10455231164047,43.46058823248858],[12.143244515841328,43.47029294184471],[12.144825776964026,43.479574035121416],[12.091212843162442,43.50296578310757],[12.1027280475681,43.52993264432839],[12.143101129900463,43.53406658473027],[12.15323667941088,43.5287054407653],[12.16266220141282,43.5613666660541],[12.189793160259777,43.58661475611707],[12.196268539495454,43.59929267567575],[12.213832684495852,43.61088614381951],[12.209575802654891,43.62126904526821],[12.185508575456431,43.64182823694129],[12.233343891664248,43.65649538079958],[12.261383167881936,43.68050588543504],[12.271551455123205,43.6765506099755],[12.293353927892822,43.68461475662193],[12.305766701328102,43.69793827367576],[12.336244269595047,43.67813153289437],[12.330116779814407,43.70704414198259],[12.357324790356024,43.70202482551905],[12.367377352818291,43.71565219733094],[12.334574723109766,43.73992419467235],[12.32707417098214,43.75100981677612],[12.301364060689941,43.756014677228336],[12.283780955023417,43.76491721240244],[12.258026786609523,43.76042742546586],[12.253098767783412,43.752632970993744],[12.228089328324812,43.759596636283334],[12.209292502823955,43.75505645233998],[12.194632657386748,43.731924322771306],[12.160047018822546,43.761688042269476],[12.123577437369459,43.74915048372766],[12.107443242772554,43.75377371937857],[12.077060609425697,43.74065395075143],[12.06039680796726,43.753625554092864],[12.009565117510432,43.76465501187306],[11.986510523157142,43.76192759247721],[11.951462645670915,43.77757201379106],[11.948284669297454,43.79038147104506],[11.916980522220744,43.796137629237556],[11.897594733849456,43.808210516064904],[11.856060657552266,43.81590077691467],[11.841673810374619,43.80802399677731],[11.820910038302532,43.81603060697692],[11.784168361967314,43.847648062661904],[11.732021554276123,43.86338505387151],[11.708474366186865,43.88586407193353],[11.717031647445062,43.92181760366623],[11.682381493391523,43.93826638327529],[11.692599679132648,43.953239658768915],[11.660253889621352,43.97462316915682],[11.646191152566832,43.98832211070506],[11.650145118158267,44.002992246941425],[11.663854374717653,44.006198481217076],[11.662877422983446,44.020340587912635],[11.681888778409146,44.02120405839899],[11.695828390755317,44.039099433400885],[11.700695303734994,44.05555900292783],[11.733401797990785,44.08470722072543],[11.752937176671084,44.12053625367707],[11.745004769762977,44.12596942267987],[11.720301395673316,44.120707114246045],[11.681737638833672,44.12269631679523],[11.65257375820234,44.100857410280774],[11.638746380964337,44.11152252979982],[11.599715136189484,44.125150758454346],[11.617832993643525,44.145713077624066],[11.604152449811838,44.15844401992562],[11.55297560903347,44.16574281839318],[11.544818944330869,44.15260863335991],[11.522067187828972,44.155484990584405],[11.467723316739516,44.18580116206242],[11.447949786433512,44.204930493387685],[11.451411079843192,44.22063071059184],[11.420877407149439,44.23822112125055],[11.393627841066404,44.217134963355846],[11.380545126045057,44.20000076225834],[11.346107779641205,44.20500717632264],[11.324242510066433,44.19293213814708],[11.311852313324655,44.173696848803075],[11.295802798237045,44.17239565042782],[11.281216425047374,44.15629811922364],[11.234639635336679,44.15841205013542],[11.195865332850323,44.1430084380823],[11.248962923041457,44.116816102999486],[11.263687992820769,44.104272014305636],[11.241233195595711,44.09765660298056],[11.208171312542206,44.09921045586805],[11.154855738833971,44.11181087818379],[11.125412519936198,44.10761807556808],[11.09044950072995,44.090684918746796],[11.0291073343004,44.09581157881059],[11.002110623795222,44.112351704096184],[11.01492934422946,44.12521435483017],[11.006391387009621,44.138833232618275],[10.971373316063618,44.116269236098546],[10.944732538092424,44.08167699676251],[10.92670745556618,44.074877171126914],[10.917716630310512,44.06277848222959],[10.899139510522117,44.06647682425839],[10.901936064564019,44.086349422843135],[10.875524784631539,44.09999873375757],[10.849214631348804,44.09814259714273],[10.842804301753228,44.10962878571709],[10.819149806281972,44.11245072682146],[10.798093848017292,44.12627279410696],[10.773259236534747,44.13466038436828],[10.76050787370211,44.15020786848757],[10.741611896805939,44.1563994364019],[10.661620110696376,44.15401563939102],[10.640993598748471,44.15951994435189],[10.622564351306668,44.141177052561446],[10.624055891542973,44.12036613364534],[10.593103756892818,44.11541513357501],[10.568806880190474,44.136548676249255],[10.52493093005767,44.15700374630545],[10.522938734123727,44.174838429765494],[10.486892465366465,44.202520658821676],[10.491787392108938,44.217558166394376],[10.466402780138202,44.2296684924493],[10.430782667676324,44.22664512592144],[10.41460423250653,44.235362060531244],[10.407397256031848,44.24930836248029],[10.377049988231486,44.267083955424546],[10.337135125484401,44.27150733711684],[10.29639696094244,44.28517531851512],[10.253856660736478,44.26858093254834],[10.218143924962895,44.3046880125888],[10.167905837294612,44.3299104848749],[10.159860099627956,44.34471218534453],[10.144533144391845,44.35328325253657],[10.105060688213396,44.34980200582377],[10.078083759021622,44.356707462739],[10.053178321835142,44.373033354488015],[10.008398149983451,44.390102928399116],[9.989284712433154,44.40433116180693],[10.006431730247918,44.432395958025865],[9.996040376641588,44.44696342111089],[9.981068435228584,44.44512246910038],[9.970712552532666,44.464440015318246],[9.933099152693867,44.47111111097801],[9.909226790945596,44.4679617837425],[9.85514140725955,44.47060776037689],[9.82555416445147,44.46764345939098],[9.81086585367603,44.45098342616568],[9.752882312546943,44.400858543613886],[9.757396312008423,44.390207651244346],[9.732073182545285,44.379378523134854],[9.716899232093878,44.383174487705],[9.68670044224306,44.36593956090598]]],[[[10.079652079118201,42.61935464916133],[10.082867402723709,42.60411926980508],[10.0521341804565,42.5738691983245],[10.087566551311749,42.56819579416144],[10.099933369206738,42.5746945534659],[10.098257105619258,42.58852962769469],[10.079652079118201,42.61935464916133]]],[[[10.26537231849995,42.74474394753268],[10.289953755983271,42.73884140054197],[10.290650841131667,42.7525327596814],[10.34485642650216,42.763876322673795],[10.37168793385072,42.73236003788232],[10.377052935519089,42.719357370403685],[10.42006454345257,42.70772643298371],[10.434341004048536,42.72585180692371],[10.42332205363953,42.74195200054879],[10.40236646652481,42.75686306083316],[10.431529986467533,42.774773640164554],[10.434281118344677,42.802862358474755],[10.428623559547145,42.816134393368735],[10.442206574270307,42.84815722238565],[10.408756501290819,42.871337462252576],[10.390500325897278,42.85130036608229],[10.379518049195726,42.82843208109353],[10.359380981897747,42.812830697861024],[10.358195371168557,42.799861860291124],[10.34104565526435,42.796522661890776],[10.317641632701845,42.80460193353628],[10.316879623203315,42.819709831651366],[10.274976418467418,42.81939400013736],[10.265218206623587,42.79960769387177],[10.248232423754768,42.799454086677535],[10.241861514677668,42.78738889167213],[10.222037676399522,42.7927261370235],[10.206042195235616,42.807096900594786],[10.136577497029686,42.80741581911685],[10.10935581138541,42.79371799764275],[10.103747360234152,42.7679654588813],[10.122151658900984,42.74195948077966],[10.152231240741251,42.72997125715224],[10.187873646294722,42.735878986631455],[10.23670405044494,42.72604703587333],[10.237560403529839,42.747920579890085],[10.26537231849995,42.74474394753268]]],[[[9.825725602504791,43.07268679305507],[9.800855398775614,43.05285701127314],[9.793173698101825,43.0206009361561],[9.811691807627069,43.00304964266382],[9.838714741818276,43.02672376220165],[9.8469669935228,43.04577586674812],[9.825725602504791,43.07268679305507]]],[[[10.313468621056153,42.35099504960274],[10.298436260269812,42.35004138355048],[10.288853383691395,42.326243508138546],[10.29692242396229,42.31583299253827],[10.316752660297723,42.31495710985458],[10.329867211948162,42.322032943875506],[10.325621914348197,42.34395278897477],[10.313468621056153,42.35099504960274]]],[[[12.176541372322829,43.81054074810401],[12.169755043524868,43.80462521762354],[12.187734075964636,43.773738964808715],[12.240246053105087,43.79060016548385],[12.232508599118264,43.807056758114264],[12.218027808886943,43.80278975595545],[12.188948872688151,43.80465465250645],[12.176541372322829,43.81054074810401]]],[[[10.886903977100776,42.38936352244198],[10.882941194995452,42.350947813576944],[10.904895369656723,42.3259322452688],[10.920862559408725,42.31812584231876],[10.931630434679162,42.338693771571215],[10.906931741687139,42.38035054795734],[10.886903977100776,42.38936352244198]]]]},"properties":{"reg_name":"Toscana","reg_istat_code_num":9,"reg_iso_3166_2":"IT-52","reg_istat_code":"09"}},
{"type":"Feature","geometry":{"type":"Polygon","coordinates":[[[11.894965120763246,42.834669882566736],[11.925320088900067,42.78379813255921],[11.979481851528892,42.764585325193615],[11.978301611532176,42.7514695729377],[11.960586654899531,42.7281530203749],[11.94538182323366,42.72529024996888],[11.92654306612585,42.703572941056386],[11.948764350586485,42.696010808279986],[11.941059394941593,42.683666710111034],[11.977979596573434,42.67552682252637],[12.029934804868782,42.650157615150704],[12.094508629610619,42.65548890592098],[12.117199717689571,42.65097410535875],[12.140774526263604,42.656302482610684],[12.16092755243055,42.67669035941293],[12.197280584856289,42.66384550854029],[12.243340616409421,42.62809172985628],[12.229194600919511,42.61040198507376],[12.24613742570292,42.60088439636652],[12.2358540090841,42.58331090875449],[12.242205145540439,42.569489421150365],[12.275043311117134,42.559914796633194],[12.27899900585807,42.54882063510463],[12.26716929248984,42.53261767170185],[12.279227105256828,42.50650209174598],[12.289790666743889,42.50896786582668],[12.316442080204416,42.48838006401246],[12.338907613300485,42.48787067490904],[12.351225579377545,42.47365330146908],[12.401796297323001,42.49909398675952],[12.427825180213157,42.486940491744335],[12.41365052430099,42.479107001763076],[12.412747604206613,42.45262488861744],[12.422269540701635,42.421603943165714],[12.464297711844988,42.428426061351],[12.458636317950603,42.406558205103785],[12.466420458808724,42.39564860036823],[12.511129430169598,42.40356674103982],[12.514098016998505,42.377656728120854],[12.529999210926997,42.36423120409706],[12.552161680343856,42.381769023709666],[12.57502297546801,42.387563574038815],[12.614891055940731,42.41448174841636],[12.610989313480701,42.42797130038529],[12.621374634737744,42.468667329735155],[12.642612601019266,42.46422295444229],[12.6498556548124,42.44309094878169],[12.665982781062585,42.44097335195175],[12.690647657573164,42.44938686982266],[12.702784550862459,42.46089742966357],[12.724693968306251,42.460406307116656],[12.741568091100568,42.47053250287632],[12.716775786152805,42.48996094852641],[12.711133827418559,42.500797029967664],[12.72758699214973,42.50913922345496],[12.773542706748898,42.51309398241815],[12.773202346053736,42.5312799413716],[12.820352388232289,42.53593320979406],[12.857680584585056,42.55611441985768],[12.892729024243579,42.563497433896494],[12.893442808015571,42.57942092439405],[12.880089879635921,42.60236178249888],[12.896337521900788,42.616442828845855],[12.930122751129419,42.602882292374154],[12.937451514948979,42.61535720192663],[12.953388667539825,42.61902127360896],[13.004317775108376,42.615237360676936],[13.023378543811633,42.638766370029586],[13.037871937470008,42.62737008945127],[13.058573747249861,42.622842289156004],[13.109528869733557,42.64225791266479],[13.116837825323636,42.65709866184582],[13.131078829385977,42.658079673438095],[13.146551423859666,42.64698518758919],[13.173554275926278,42.665374736056386],[13.173334867092581,42.687313914942656],[13.189238462733572,42.70807677833763],[13.189209909626415,42.73358686128668],[13.198924841646907,42.748045278086884],[13.19533136132135,42.761977993262065],[13.216185998600745,42.771173086978244],[13.245617073691207,42.76776540256013],[13.250796084310807,42.78869948561348],[13.264029084760987,42.808243684575835],[13.255296493538633,42.82258293160704],[13.24255429514649,42.85972375918098],[13.210800683022999,42.84147584394947],[13.18805683722553,42.834653845589926],[13.15429817932237,42.83541861214453],[13.121747538643122,42.87389848345168],[13.112248684827245,42.88933184766667],[13.081185817185306,42.899665183580154],[13.054705136634626,42.919438741866784],[13.024946050004322,42.902573654109375],[12.996984014569193,42.90326974889395],[13.000129742565596,42.890777715212685],[12.990364245400125,42.872141623732176],[12.976154918743942,42.869803443045086],[12.969056143978337,42.90366495887038],[12.976787223906632,42.92568003825685],[12.949334930234734,42.92995884012509],[12.925991360795466,42.954513916173205],[12.895822070507807,42.964592015074615],[12.908166385591155,42.98487047891731],[12.888539394054504,43.01222578749923],[12.906604395048669,43.03549518283299],[12.88993480927263,43.058884072287334],[12.897221714672524,43.091723520429724],[12.885026190521305,43.09964328373662],[12.875466372959595,43.12344449733621],[12.843003018875677,43.12234421476787],[12.833749469107453,43.14765774519574],[12.850772229897848,43.1532301054501],[12.862635100297256,43.16738819038408],[12.86819921886344,43.19505689734775],[12.862344817930078,43.21125200738112],[12.836604773462021,43.21753429715102],[12.82349549278939,43.26684202590504],[12.803681804288514,43.27125543585605],[12.789238655616401,43.28290881788528],[12.802427387825073,43.30470913670011],[12.794108068869573,43.33404796774332],[12.759341455625089,43.364354064234135],[12.749611113518313,43.380878989689265],[12.751397725238753,43.39500608623212],[12.771717336375586,43.40095496936022],[12.780839177057603,43.41481409034439],[12.76591229864488,43.426038765839955],[12.767446102401285,43.45984788323254],[12.734616211800155,43.46434458580205],[12.715265426602539,43.4460854932369],[12.708812508608416,43.42584235237626],[12.663176593427977,43.43683082556802],[12.621963352910054,43.42467640349527],[12.604760707817103,43.437982925869214],[12.584193940621848,43.445927465398405],[12.562858094623861,43.46112198690292],[12.52418452992818,43.49616103033418],[12.517747236797153,43.508072819355746],[12.484045455673668,43.52723419723634],[12.457519912441976,43.516813637421556],[12.437908149142224,43.537673531470496],[12.416513866354874,43.53360517838932],[12.39904499779886,43.51321936751903],[12.36488811144434,43.53258356069634],[12.34967681120011,43.52178332306759],[12.33323973618084,43.5235804728778],[12.312906823049843,43.54309686417492],[12.31979391304628,43.553167346547085],[12.340848439304429,43.552673996551384],[12.366927548405673,43.57721419173641],[12.361792359345133,43.595185976337966],[12.371296963586925,43.61116541133346],[12.334449220589747,43.609904653243106],[12.311105952763961,43.599189434693976],[12.305540965884536,43.58892746825445],[12.272089953352753,43.593872558868014],[12.26146452561508,43.58889604366985],[12.225045289093668,43.59435436531626],[12.213832684495852,43.61088614381951],[12.196268539495454,43.59929267567575],[12.189793160259777,43.58661475611707],[12.16266220141282,43.5613666660541],[12.15323667941088,43.5287054407653],[12.143101129900463,43.53406658473027],[12.1027280475681,43.52993264432839],[12.091212843162442,43.50296578310757],[12.144825776964026,43.479574035121416],[12.143244515841328,43.47029294184471],[12.10455231164047,43.46058823248858],[12.096577378047577,43.445648559985436],[12.080287761254503,43.43384446538628],[12.060503150544202,43.43840984874804],[12.025210449791935,43.41557388429967],[12.033664382830379,43.40023624860141],[12.077786827719715,43.39799701800422],[12.073026257932668,43.37041506723192],[12.101061620661838,43.37261867929126],[12.118769209677568,43.36435900771241],[12.135430090332148,43.34065403235318],[12.134322356233726,43.31624306802425],[12.126833807872334,43.308175556579975],[12.133834264124653,43.29252135772187],[12.177310846684431,43.282017784224756],[12.183162297454732,43.300835326686325],[12.195082321335502,43.3142239504759],[12.223708113502322,43.296262862482116],[12.210063635522662,43.2827279606869],[12.174705074068857,43.27308752041104],[12.148771051405951,43.254751688555466],[12.121822610421045,43.25519400516217],[12.085921448752385,43.236334310820546],[12.049598171055564,43.2527715534452],[12.033837719901332,43.246021252539485],[12.039042257270626,43.22884773343311],[12.026053385524794,43.19034190108627],[12.006424276135117,43.180525965915585],[11.987846050754765,43.180832845741016],[11.970168825961904,43.16917524415186],[11.94033008932617,43.159128809510136],[11.924029184452776,43.14777835053108],[11.918985691281168,43.12013989451102],[11.931214709698146,43.09091645829575],[11.923135496075949,43.0800357585703],[11.936380398740788,43.05563071198292],[11.9565888365665,43.06867678500588],[11.980821982646829,43.05636931546026],[11.948553546226202,42.96196319024159],[11.951666575341777,42.94840060544977],[11.93909623724309,42.932516352959716],[11.933493825906721,42.909914377576555],[11.958798290173082,42.89156141659877],[11.959041894503425,42.870587533797746],[11.926011299358905,42.86718923335594],[11.894965120763246,42.834669882566736]]]},"properties":{"reg_name":"Umbria","reg_istat_code_num":10,"reg_iso_3166_2":"IT-55","reg_istat_code":"10"}},
{"type":"Feature","geometry":{"type":"MultiPolygon","coordinates":[[[[11.894965120763246,42.834669882566736],[11.847437642203165,42.83765564177715],[11.81369934119374,42.82267092908837],[11.803285564167808,42.80119808626421],[11.775874034047321,42.820673629179346],[11.753349305397183,42.802236015438744],[11.74601785992857,42.7857596544892],[11.76452663930407,42.778971495796675],[11.77941952196435,42.758017663939654],[11.80864374370872,42.75317244861734],[11.818944108716895,42.74290413326728],[11.808809051484658,42.731303666725914],[11.801555697526368,42.707191578337714],[11.781442408587939,42.70745704267993],[11.786191004757594,42.670593754768646],[11.808941181739822,42.65866675014054],[11.804776157679273,42.643999159210196],[11.780886173733109,42.63468291084056],[11.74975657852777,42.63964887022539],[11.751830313557972,42.62559542856614],[11.733129579825617,42.60606187741],[11.710291878922865,42.610022117493926],[11.67985146801979,42.59524602816589],[11.68577997134707,42.58483210737922],[11.65841752085793,42.57704482667137],[11.643761703181951,42.5666996891223],[11.57855719816654,42.56621097371801],[11.58584315756647,42.54176188823665],[11.570117917026293,42.53448871067382],[11.560857026110689,42.5170281357544],[11.580541319969065,42.508770242547236],[11.592827020304412,42.49536578833898],[11.616172167898888,42.48862647498215],[11.617709304356001,42.43604425110956],[11.554520788376223,42.43876754527667],[11.543511318154492,42.44211478359435],[11.518129588374514,42.43358496834801],[11.488888402081715,42.43937035650826],[11.476852938151673,42.41404756917091],[11.450807831843118,42.395047803425115],[11.44985198639534,42.37754018126047],[11.49253863029616,42.36357136660513],[11.562410480748207,42.335046468188324],[11.631939327183964,42.295202028086315],[11.665353731375108,42.267590734047],[11.694061873946884,42.23557186135738],[11.720843055294814,42.189215537932135],[11.739830422123296,42.1685238256805],[11.733766964828694,42.158058104284066],[11.759944430451867,42.114621870576585],[11.79843861024896,42.086367754677255],[11.833095866719862,42.03041464750697],[11.87849780394467,42.037749109653284],[11.912926236813616,42.0398883473835],[11.96389318444076,42.014262216745465],[11.978806710191193,41.996923341894934],[12.00674277961412,41.991391315943694],[12.025173783392935,41.98185644590438],[12.051686293045966,41.955678579174375],[12.09039431373715,41.936748166953166],[12.120920190853234,41.92830615718617],[12.1406129448179,41.91545453734917],[12.163348354912273,41.89166786186169],[12.199476739134976,41.837882775578876],[12.224014960894676,41.78122325595497],[12.220491758373807,41.76838973217892],[12.2272773276713,41.745662923964495],[12.3209722129127,41.71075403408678],[12.365178824056212,41.688646580522374],[12.439564798181836,41.63839927430863],[12.484512417781179,41.599540493156745],[12.541539419442984,41.54552572683089],[12.569212245817091,41.51537147544182],[12.614778956208013,41.45723547452186],[12.63109694272082,41.44440419524768],[12.640898397909025,41.452889708671336],[12.66397821417455,41.45652149490577],[12.695021309059346,41.449695305618896],[12.763838062231288,41.41043305744336],[12.782430245236004,41.41787588488249],[12.806890824948402,41.41391922035927],[12.836264239931438,41.41486780599617],[12.868123945886653,41.40674314297346],[12.900882719989545,41.391656123268206],[12.947612839603545,41.36358324784367],[12.970340680529462,41.34553310933972],[12.998572866947036,41.3137208793521],[13.02853551230123,41.265126110626156],[13.03363788353924,41.240983451753785],[13.046287884330184,41.226633153077756],[13.072947726203331,41.2225453267069],[13.093645410686497,41.22528523166364],[13.106666681467168,41.24198853175761],[13.17185366407254,41.27514487177027],[13.206327178533327,41.28313378679256],[13.25756318243221,41.28295367700005],[13.266050674632472,41.29447507270487],[13.281284716139474,41.29715120940322],[13.318244524434787,41.29438261062564],[13.355454936198942,41.28676542516557],[13.408487665232725,41.269154490313156],[13.471647228119446,41.23732289511153],[13.48490722086341,41.23805992813975],[13.510311638907739,41.221426265551386],[13.529303695289281,41.21999195367324],[13.545601383605636,41.20940468521465],[13.575299369524004,41.20414257004685],[13.570126215340258,41.23258557575275],[13.584674692079561,41.247188531718564],[13.620171708419585,41.260156312679605],[13.651273049312517,41.25710273020128],[13.683653136410568,41.244475711445965],[13.707350083125128,41.25329371413734],[13.76211259143099,41.22259672209143],[13.771976358571022,41.24210551108709],[13.815043891339943,41.244547142877494],[13.839991510130531,41.2623683429952],[13.82842954375652,41.281034479487225],[13.851059682468223,41.289571043275764],[13.882337479670879,41.2909420935823],[13.894814806396141,41.31163655142557],[13.873679896515586,41.33562462892234],[13.870752555677017,41.36468146685815],[13.884136706669079,41.38324962419498],[13.879635116495189,41.403095553989154],[13.861205065527976,41.416568033566804],[13.87657492788081,41.426217514832736],[13.903937708359075,41.42559838169524],[13.928430490934158,41.43842231392273],[13.960497963675188,41.46286343299925],[13.977906070736527,41.46248746495421],[13.99277641913699,41.4820817684955],[13.972906886423884,41.4940364092972],[13.993251025158925,41.51133054108558],[14.010538576471939,41.51479473229126],[14.024201167897033,41.52666649829187],[14.023774798127254,41.56070350622026],[14.00449838916645,41.566380997390105],[13.997814195499949,41.579429231301965],[14.010174245208496,41.59256161556308],[14.011129810293324,41.607789092604335],[13.99666649261803,41.62413979380389],[13.98683397723975,41.656407438069785],[13.967914696327686,41.67316441107298],[13.941015151497899,41.68797275205532],[13.919701407059476,41.71724357343433],[13.904455075305519,41.7181912888925],[13.89763893666388,41.732134250830306],[13.856446415042088,41.731234291152475],[13.82348080895488,41.740884301111805],[13.815031103515555,41.75278471770841],[13.790142013905864,41.74296950386552],[13.76717218665437,41.74887499300783],[13.749373002699693,41.76124193862308],[13.748649331481744,41.773587426530746],[13.716492035257419,41.79739751777479],[13.692708064866416,41.79152296208715],[13.681101286502106,41.80425165654462],[13.660925600826983,41.81125864172999],[13.6384592877065,41.804317941523664],[13.642891247975388,41.792870914213985],[13.6312724080088,41.78264551148704],[13.58609949339445,41.766434808698016],[13.57622950443238,41.75501880400952],[13.545324279231737,41.76236069175868],[13.520435067732505,41.772965382110726],[13.50641337815961,41.80063075227942],[13.464583429036452,41.8091388010772],[13.451554357077649,41.822817932527286],[13.407463065711381,41.8374644577306],[13.390989219488182,41.81926580944895],[13.379517174372994,41.81745784000338],[13.366833910463473,41.83306813028909],[13.366592617996604,41.86425195886084],[13.358982149539152,41.869314831417284],[13.382735776757231,41.90079289709852],[13.37835137751651,41.91179671727622],[13.356555605420832,41.925738613364956],[13.338691353031061,41.92553544110518],[13.3084159998643,41.95305929947052],[13.286035099245902,41.95036889665016],[13.262330893402446,41.9680364361128],[13.238895454012866,41.97327267299348],[13.226662790328938,41.983502885426155],[13.202130999514216,41.98600332611486],[13.169733273580778,41.99779010113607],[13.146966493861564,42.011972840757295],[13.102187325686316,42.02657763440103],[13.10102480580006,42.00798966584797],[13.054533460356609,42.01637017244101],[13.046478186704698,42.03531611487425],[13.026621710268131,42.05002764094058],[13.019335867107753,42.07912391310533],[13.032728477735256,42.113586386715895],[13.057295240996444,42.12286884161205],[13.085924217896201,42.143915468366465],[13.093481311860097,42.160651805298166],[13.087057347985148,42.177870759505794],[13.11989245661835,42.17669963807176],[13.168144103433649,42.15349981775232],[13.195411125766759,42.15779392337555],[13.248776536850924,42.127426871160836],[13.26950621755567,42.13754618025579],[13.305290679349655,42.138256333478594],[13.323194369636886,42.16141250320905],[13.34742938614471,42.17594856983276],[13.369967242872415,42.18026699091986],[13.331894121785933,42.20817946746228],[13.335618670675853,42.22240437626168],[13.297224209382206,42.23107783164364],[13.275646175019965,42.2424699066964],[13.269816344802456,42.255056063196726],[13.243172237219154,42.269707868899644],[13.2281042466275,42.29120359750029],[13.226462286398265,42.31933047425804],[13.191351073766267,42.33233424925877],[13.171649352224442,42.34872905918243],[13.153348998662173,42.356994100512324],[13.189398304075564,42.38111143228264],[13.189201942906477,42.40022011538033],[13.155167147613234,42.41421630855634],[13.142899442866236,42.4280340564118],[13.116168379918774,42.4439097748152],[13.13997196969142,42.462724443514865],[13.154053330946248,42.46233242055449],[13.178420260844334,42.479339245168696],[13.171405092738613,42.48512233697103],[13.177769482588591,42.51263623044236],[13.157760173665194,42.52843388432394],[13.176056849072847,42.55285412505396],[13.17427231110228,42.567512892365514],[13.192273727830111,42.577968191724615],[13.219112373002222,42.58243361092353],[13.245935296288426,42.572705795839326],[13.253326277725703,42.58118188230903],[13.278209120356363,42.5834225442926],[13.291260371727711,42.57053736307119],[13.321679222647266,42.578625355744045],[13.344617629301972,42.57580125624473],[13.381780690723838,42.58101320116497],[13.391008391703444,42.590339132420844],[13.394681469856499,42.621701455948006],[13.40828330182437,42.642863525260864],[13.37261705391078,42.6493590485437],[13.348794335979015,42.66861210674404],[13.35775555727035,42.69409814775866],[13.341935168866504,42.70146852471002],[13.31845147332808,42.7233944936299],[13.287952350448384,42.73853838346969],[13.264502464842277,42.74018117079792],[13.25384355435244,42.72157167454477],[13.189209909626415,42.73358686128668],[13.189238462733572,42.70807677833763],[13.173334867092581,42.687313914942656],[13.173554275926278,42.665374736056386],[13.146551423859666,42.64698518758919],[13.131078829385977,42.658079673438095],[13.116837825323636,42.65709866184582],[13.109528869733557,42.64225791266479],[13.058573747249861,42.622842289156004],[13.037871937470008,42.62737008945127],[13.023378543811633,42.638766370029586],[13.004317775108376,42.615237360676936],[12.953388667539825,42.61902127360896],[12.937451514948979,42.61535720192663],[12.930122751129419,42.602882292374154],[12.896337521900788,42.616442828845855],[12.880089879635921,42.60236178249888],[12.893442808015571,42.57942092439405],[12.892729024243579,42.563497433896494],[12.857680584585056,42.55611441985768],[12.820352388232289,42.53593320979406],[12.773202346053736,42.5312799413716],[12.773542706748898,42.51309398241815],[12.72758699214973,42.50913922345496],[12.711133827418559,42.500797029967664],[12.716775786152805,42.48996094852641],[12.741568091100568,42.47053250287632],[12.724693968306251,42.460406307116656],[12.702784550862459,42.46089742966357],[12.690647657573164,42.44938686982266],[12.665982781062585,42.44097335195175],[12.6498556548124,42.44309094878169],[12.642612601019266,42.46422295444229],[12.621374634737744,42.468667329735155],[12.610989313480701,42.42797130038529],[12.614891055940731,42.41448174841636],[12.57502297546801,42.387563574038815],[12.552161680343856,42.381769023709666],[12.529999210926997,42.36423120409706],[12.514098016998505,42.377656728120854],[12.511129430169598,42.40356674103982],[12.466420458808724,42.39564860036823],[12.458636317950603,42.406558205103785],[12.464297711844988,42.428426061351],[12.422269540701635,42.421603943165714],[12.412747604206613,42.45262488861744],[12.41365052430099,42.479107001763076],[12.427825180213157,42.486940491744335],[12.401796297323001,42.49909398675952],[12.351225579377545,42.47365330146908],[12.338907613300485,42.48787067490904],[12.316442080204416,42.48838006401246],[12.289790666743889,42.50896786582668],[12.279227105256828,42.50650209174598],[12.26716929248984,42.53261767170185],[12.27899900585807,42.54882063510463],[12.275043311117134,42.559914796633194],[12.242205145540439,42.569489421150365],[12.2358540090841,42.58331090875449],[12.24613742570292,42.60088439636652],[12.229194600919511,42.61040198507376],[12.243340616409421,42.62809172985628],[12.197280584856289,42.66384550854029],[12.16092755243055,42.67669035941293],[12.140774526263604,42.656302482610684],[12.117199717689571,42.65097410535875],[12.094508629610619,42.65548890592098],[12.029934804868782,42.650157615150704],[11.977979596573434,42.67552682252637],[11.941059394941593,42.683666710111034],[11.948764350586485,42.696010808279986],[11.92654306612585,42.703572941056386],[11.94538182323366,42.72529024996888],[11.960586654899531,42.7281530203749],[11.978301611532176,42.7514695729377],[11.979481851528892,42.764585325193615],[11.925320088900067,42.78379813255921],[11.894965120763246,42.834669882566736]]],[[[12.968842779148904,40.922191209686275],[12.949202459078043,40.919530127010034],[12.942931382740325,40.89721395206003],[12.954031965051131,40.877577135649325],[12.968842779148904,40.922191209686275]]]]},"properties":{"reg_name":"Lazio","reg_istat_code_num":12,"reg_iso_3166_2":"IT-62","reg_istat_code":"12"}},
{"type":"Feature","geometry":{"type":"MultiPolygon","coordinates":[[[[15.007617814612411,41.486388782917835],[14.989665455573707,41.47986681826435],[14.982266957714886,41.46906612368072],[14.946414266746316,41.45597406931516],[14.885497898491968,41.44494948798982],[14.867695140582462,41.42782284602101],[14.843115388017877,41.42660726680209],[14.788517032095967,41.45280396042302],[14.774556540553583,41.445905956034586],[14.764700380188915,41.417368057138184],[14.748125795157762,41.408449621301955],[14.717278570337314,41.40082780725153],[14.699623563504588,41.41084351916328],[14.66605936789271,41.406533999368904],[14.633779784223261,41.3874326640416],[14.614635221784058,41.368239976212884],[14.591622861937552,41.36940754486122],[14.584884672455267,41.381542311426145],[14.566325762324063,41.39213064467122],[14.551293858683001,41.379463787477086],[14.522299814340023,41.3852205725387],[14.508297216466735,41.38163097776858],[14.488605935148769,41.39070841403451],[14.477989481199847,41.41017189707472],[14.453967491325301,41.42791330663134],[14.4307053531129,41.42872700455122],[14.412514471100991,41.441224116113936],[14.400940952816804,41.43719849181006],[14.342178753777278,41.454080394968514],[14.327161977787553,41.45343741450766],[14.279130701922298,41.486378297590015],[14.247164876487435,41.48596056980208],[14.240745764167876,41.49719692334067],[14.19079272309787,41.4964660779541],[14.172413802690217,41.49918309602958],[14.157387769134615,41.480273195400834],[14.119506905818342,41.50651666162949],[14.1119182976092,41.488905541151155],[14.094822921257324,41.472586298130906],[14.080141135839472,41.444115498725985],[14.106996437954065,41.41754832535284],[14.103892993757478,41.40562232959095],[14.111440628616982,41.38643403284909],[14.082078450568025,41.40000022801752],[14.042388564886636,41.39278042803386],[14.026578771220446,41.41668723379929],[14.000706720401988,41.4309321917924],[14.00578124179605,41.45283356251458],[13.977906070736527,41.46248746495421],[13.960497963675188,41.46286343299925],[13.928430490934158,41.43842231392273],[13.903937708359075,41.42559838169524],[13.87657492788081,41.426217514832736],[13.861205065527976,41.416568033566804],[13.879635116495189,41.403095553989154],[13.884136706669079,41.38324962419498],[13.870752555677017,41.36468146685815],[13.873679896515586,41.33562462892234],[13.894814806396141,41.31163655142557],[13.882337479670879,41.2909420935823],[13.851059682468223,41.289571043275764],[13.82842954375652,41.281034479487225],[13.839991510130531,41.2623683429952],[13.815043891339943,41.244547142877494],[13.771976358571022,41.24210551108709],[13.76211259143099,41.22259672209143],[13.813692027616753,41.18435025842323],[13.83171593285515,41.16738571139567],[13.886417798232348,41.10066120148674],[13.90224468793032,41.07553026842364],[13.921956617402358,41.02630280154184],[13.954874636063757,40.99777877656844],[14.006906384035055,40.941843405474785],[14.024826381721615,40.91337024096232],[14.042222989570773,40.871651019912804],[14.048001812045436,40.83563802032423],[14.041014364022743,40.794214821624536],[14.077080987055345,40.7874600855706],[14.087607173129253,40.7943482079803],[14.072417384361799,40.81864852291779],[14.089161093190645,40.83069582252342],[14.108566414049193,40.831181437796175],[14.124586180042966,40.82034587537198],[14.158855805081677,40.81707350109005],[14.172425925135068,40.79913278942594],[14.190260212101792,40.793859825115995],[14.221252673153534,40.82787228630216],[14.250401209340247,40.829967133959826],[14.264551460872733,40.84377094347114],[14.308399384333494,40.82952449396833],[14.33210329894333,40.813733360105374],[14.35371881510448,40.791518424629096],[14.408899841074739,40.75422735170686],[14.448637639395688,40.75291179120799],[14.470517478209524,40.72884083424837],[14.48203081177317,40.70323244156394],[14.439007790901252,40.681837646126375],[14.43087700787625,40.66639931952192],[14.408689373625513,40.65971984528666],[14.405588620173482,40.6436039533715],[14.377816452275097,40.629003868024796],[14.35372986244325,40.633321802017974],[14.329571461042642,40.606191680580814],[14.323470346475448,40.569959829315735],[14.404352619747119,40.59876795589557],[14.41890763621647,40.61029152185935],[14.486300574446794,40.62739421572292],[14.510873727833756,40.620023361084286],[14.527841173324358,40.60673227235123],[14.539270643026995,40.613308747958435],[14.577143538542327,40.618103905415666],[14.619088662224545,40.644927238102156],[14.633734621165866,40.64856167722884],[14.681647093858478,40.63321923925679],[14.693483528709882,40.635288642991085],[14.718341875716781,40.66603542093128],[14.758709508075633,40.67738229496741],[14.78841673947676,40.66556668699098],[14.808796186384532,40.651887711697846],[14.845704544549855,40.62017056870894],[14.882847893386685,40.580043091104976],[14.916817048006587,40.528943251531004],[14.941167270501756,40.4832110780014],[14.978374057566747,40.431363103892735],[15.000889123379991,40.380310393177616],[14.998599928237555,40.35902393803223],[14.978897839489454,40.35210628427966],[14.968225040832882,40.34037725796079],[14.945638952440307,40.33688376749407],[14.939311609727575,40.319325313205454],[14.946793201900196,40.298083336784195],[14.943202134794955,40.27519539480046],[14.904860399615199,40.25325744374103],[14.926378232020724,40.2319681310892],[14.952613895004227,40.23302053787474],[14.968697436494638,40.22203708817833],[14.990941474340222,40.21889282307497],[15.011821655222114,40.20210856294236],[15.025405297599455,40.17883114830232],[15.065719200131706,40.16451070542335],[15.084655118931519,40.172926060120844],[15.116771353848028,40.17694275662528],[15.132933253060536,40.170922297303136],[15.177622003578334,40.12805126977267],[15.204352718359313,40.123674375107356],[15.22973166633256,40.100550488841634],[15.263835264736157,40.08154007572551],[15.28191823788772,40.055081379813366],[15.285297479080077,40.02282340239619],[15.31452394354046,40.031637144185616],[15.342737739771271,40.00480368177974],[15.359710386552928,39.99857986067328],[15.424578609286257,39.993949084068454],[15.432499278947683,40.006448820833974],[15.464393433320176,40.03512728575899],[15.480623566137835,40.03942881896665],[15.504858680469866,40.06455728229101],[15.532223535361522,40.073653733361525],[15.575242143365863,40.07793931454825],[15.617396867251024,40.06844418350298],[15.645341929781498,40.04296346957591],[15.676164400157576,40.05489897953552],[15.661778289835405,40.07931748297569],[15.676982773423076,40.08446761537923],[15.705826583556266,40.11773411295622],[15.708898916826005,40.13631727829837],[15.701737980888886,40.161468003334335],[15.712527127545663,40.178443995190996],[15.728010512100903,40.18589520047817],[15.734476853585246,40.201675320596834],[15.751207349177776,40.20179862261846],[15.77316395180635,40.21684763265195],[15.791156678469788,40.21790314600071],[15.790709190427984,40.244053436236435],[15.803853148781148,40.2506793855308],[15.789702511526041,40.29002547907146],[15.749161817131998,40.298734972443],[15.72687982947469,40.3154453232505],[15.70451907405578,40.34401712196761],[15.709811879865743,40.37593961649596],[15.670988073496423,40.398265058252676],[15.662731850282634,40.3924932885874],[15.634288975084923,40.42193402811734],[15.586733833148232,40.443602199187836],[15.57589744057986,40.46958793694744],[15.544105525670906,40.48624379793969],[15.535228012819736,40.499640690331084],[15.550473600695211,40.509246863271436],[15.535312639248554,40.522261336369155],[15.541997216097586,40.5324032186821],[15.5101283892828,40.58574632207149],[15.472259596712565,40.59351747397451],[15.451764775609616,40.610855661981965],[15.46777685317091,40.639236152520255],[15.489441720414868,40.64620017644871],[15.503593814473147,40.662939359862484],[15.487195976149227,40.67284114392119],[15.469451595693197,40.67366986465915],[15.430350647341262,40.692068017056464],[15.409887154940547,40.712870358938254],[15.381476270245313,40.72414975924115],[15.379057820737874,40.75092947090119],[15.389024282398475,40.76762498785315],[15.381342921227358,40.781669275315764],[15.387704702852961,40.79345726559153],[15.366111770974962,40.80048483988754],[15.356669947940505,40.823641887953904],[15.33496982470563,40.83487966572484],[15.37832983663609,40.84074999650361],[15.374122906873524,40.86012287307707],[15.354892065543089,40.871163011917936],[15.354164326597393,40.8826523757939],[15.372630912763565,40.88572098017563],[15.383948557533683,40.8763278542085],[15.40876377339559,40.88031384278146],[15.444724741536994,40.876822672257205],[15.460563519913466,40.86711705005809],[15.473139274862877,40.87493938109446],[15.467629370552485,40.889602789191194],[15.526729714631292,40.907587540968095],[15.543744392122557,40.94766108379493],[15.566614594890362,40.96878041030638],[15.570283241762327,40.99354863351197],[15.559614270703195,41.01788415777962],[15.562987309986868,41.03123397229638],[15.542874539481751,41.05585506744804],[15.489571853405192,41.07002672002933],[15.477859427191449,41.07860820702791],[15.446099997851654,41.07801446141303],[15.426192568960309,41.095099904030036],[15.400787977047923,41.106038679824515],[15.366397705709483,41.08489107086001],[15.34897219948843,41.09512945117263],[15.314357191772658,41.10388567515993],[15.29780449535781,41.09440289506393],[15.262140891724412,41.107621700430784],[15.263784206245282,41.113445157672146],[15.235735540445175,41.14014397062239],[15.210788467464324,41.148670648690484],[15.210432312968813,41.164450456118146],[15.223535577089322,41.18194162233367],[15.261339732297383,41.20258737763144],[15.24920843714762,41.21758529525782],[15.246175054399968,41.23611112740353],[15.27726822710104,41.24100023572603],[15.274063698018832,41.25049307236681],[15.253673176336195,41.268306461791916],[15.216282562751633,41.275235901217115],[15.201002928597662,41.28627197434336],[15.15019889285623,41.282737064903564],[15.137726199946686,41.28638302241777],[15.126770584658185,41.302951898715634],[15.130560168099061,41.317185580111044],[15.099931840905558,41.32770468890304],[15.072190194700093,41.33246032269299],[15.058467623811858,41.372134698943626],[15.079947326508975,41.38811106698528],[15.09834231962932,41.43402677931628],[15.076251391983904,41.43277811223607],[15.030299323886748,41.45538945781601],[15.023291190861096,41.47732580652608],[15.007617814612411,41.486388782917835]]],[[[14.231071088343006,40.541695011714026],[14.24171588858411,40.5557667482064],[14.211763511893624,40.56194704926578],[14.198171756956626,40.55936697565639],[14.200840765013103,40.53654841887484],[14.231071088343006,40.541695011714026]]],[[[13.954163744359493,40.70728161679084],[13.964638505219384,40.71204336100193],[13.955118250334444,40.74048273759237],[13.923948589446058,40.750800103805055],[13.908373104794167,40.74895322674497],[13.870682835633811,40.76110166954377],[13.865156572153039,40.74319264104325],[13.85467688439236,40.73743827735536],[13.861309427033811,40.71768187955788],[13.852538149800045,40.70986666070008],[13.872791249025642,40.69806742217748],[13.905198506820986,40.701528522692065],[13.923729680694208,40.69758899699704],[13.954163744359493,40.70728161679084]]]]},"properties":{"reg_name":"Campania","reg_istat_code_num":15,"reg_iso_3166_2":"IT-72","reg_istat_code":"15"}},
{"type":"Feature","geometry":{"type":"Polygon","coordinates":[[[13.941015151497899,41.68797275205532],[13.956438325869762,41.69566941904147],[13.9949215773906,41.69315725655092],[14.019180263771531,41.68236080304816],[14.0318958147942,41.70206024728823],[14.053246215396413,41.701698678120415],[14.05303530832393,41.718573642287666],[14.069570901173552,41.73722537803215],[14.086723518785304,41.73912720270784],[14.105097400010722,41.71656347227498],[14.123413964438752,41.726541418207866],[14.120719878290947,41.7451846003846],[14.152198263186705,41.74618549133399],[14.170046225675115,41.76520672816034],[14.178706739824438,41.74921325483451],[14.190197365733285,41.748189686144116],[14.201202485852606,41.7675053824988],[14.170691872608787,41.77970814326294],[14.164774043723371,41.80726280478528],[14.147157881831246,41.827297314866975],[14.155834686839361,41.83708228403393],[14.178022583245033,41.845412594712556],[14.195015538974815,41.84153008714862],[14.21338810435289,41.8539393407098],[14.22527458167812,41.87356990092631],[14.244782213361656,41.88190139511568],[14.279300986184564,41.90951829167794],[14.328479218657883,41.884870419806575],[14.343301573926475,41.868555834049076],[14.361094534268068,41.87429602815732],[14.377256669798113,41.868087199069564],[14.397448049503367,41.86974345340012],[14.445696540932373,41.83782314561916],[14.45474416439695,41.795807637864876],[14.464419328141522,41.77700714631401],[14.454618412408927,41.76518158704033],[14.485330061601715,41.759651900014276],[14.504716163659584,41.776049150047825],[14.529986196717227,41.78832676254376],[14.532731041621515,41.798393722295415],[14.554065056595057,41.81746229169295],[14.567978706411555,41.81812102533748],[14.58366587955569,41.8407837118351],[14.598641690141474,41.85346554091508],[14.599349095572945,41.86373386701517],[14.614244509479818,41.88918843360648],[14.641649336758945,41.900398604200184],[14.663763349714984,41.91628905701482],[14.668636502023867,41.946630590034616],[14.727161081236838,42.00324614149301],[14.766155999653854,42.018449401149546],[14.782246956281249,42.03510521497168],[14.762302120448853,42.044595918484646],[14.779167628640167,42.07024694082255],[14.751524635955032,42.08059219269841],[14.717765754078059,42.10771749401494],[14.722626591885142,42.12440472970361],[14.717219248968776,42.1702046428934],[14.695836670559421,42.17558145138582],[14.608945949901461,42.203696074649606],[14.56302470172285,42.223775528022415],[14.508265462366754,42.25250303420297],[14.499504967451792,42.27367263551983],[14.441203222912824,42.31231511021761],[14.425339874946527,42.326735401194995],[14.411453372523441,42.35740285535567],[14.390978097401508,42.37256477364004],[14.372954809765575,42.37857435392521],[14.31562626300742,42.40773783611683],[14.260678369720983,42.440365232940856],[14.188796332177997,42.491760958670795],[14.15369091084091,42.525932039211845],[14.10938869998047,42.563231828742346],[14.062599718645519,42.617390382090605],[14.039828311388918,42.65329810704054],[14.0258583017565,42.667773156240706],[13.992881179726876,42.713484742176554],[13.976513069465971,42.746875245567715],[13.950716510143994,42.78988125573739],[13.93021072495051,42.84389554085929],[13.916207129906372,42.89459082545183],[13.880537536676108,42.891813072059506],[13.8161233059174,42.8775238894932],[13.799335748081424,42.866723029786456],[13.773790610613398,42.85944796675109],[13.726626407514631,42.85564666764085],[13.71088477813112,42.84335747453311],[13.69930327955229,42.822615585162495],[13.663599847036707,42.80712738737428],[13.641412270622418,42.802971319087455],[13.620956814148446,42.81570517339113],[13.574701490274267,42.800813021969915],[13.55324553817324,42.80555586938421],[13.535003302135314,42.81679698527445],[13.529733288707689,42.79598925389701],[13.502316526769478,42.77096910720842],[13.50399646717945,42.75046900544668],[13.482361182636762,42.732088952796296],[13.452108473475942,42.733911381310214],[13.427396931384672,42.706425289434854],[13.397760022270415,42.68899428262644],[13.35775555727035,42.69409814775866],[13.348794335979015,42.66861210674404],[13.37261705391078,42.6493590485437],[13.40828330182437,42.642863525260864],[13.394681469856499,42.621701455948006],[13.391008391703444,42.590339132420844],[13.381780690723838,42.58101320116497],[13.344617629301972,42.57580125624473],[13.321679222647266,42.578625355744045],[13.291260371727711,42.57053736307119],[13.278209120356363,42.5834225442926],[13.253326277725703,42.58118188230903],[13.245935296288426,42.572705795839326],[13.219112373002222,42.58243361092353],[13.192273727830111,42.577968191724615],[13.17427231110228,42.567512892365514],[13.176056849072847,42.55285412505396],[13.157760173665194,42.52843388432394],[13.177769482588591,42.51263623044236],[13.171405092738613,42.48512233697103],[13.178420260844334,42.479339245168696],[13.154053330946248,42.46233242055449],[13.13997196969142,42.462724443514865],[13.116168379918774,42.4439097748152],[13.142899442866236,42.4280340564118],[13.155167147613234,42.41421630855634],[13.189201942906477,42.40022011538033],[13.189398304075564,42.38111143228264],[13.153348998662173,42.356994100512324],[13.171649352224442,42.34872905918243],[13.191351073766267,42.33233424925877],[13.226462286398265,42.31933047425804],[13.2281042466275,42.29120359750029],[13.243172237219154,42.269707868899644],[13.269816344802456,42.255056063196726],[13.275646175019965,42.2424699066964],[13.297224209382206,42.23107783164364],[13.335618670675853,42.22240437626168],[13.331894121785933,42.20817946746228],[13.369967242872415,42.18026699091986],[13.34742938614471,42.17594856983276],[13.323194369636886,42.16141250320905],[13.305290679349655,42.138256333478594],[13.26950621755567,42.13754618025579],[13.248776536850924,42.127426871160836],[13.195411125766759,42.15779392337555],[13.168144103433649,42.15349981775232],[13.11989245661835,42.17669963807176],[13.087057347985148,42.177870759505794],[13.093481311860097,42.160651805298166],[13.085924217896201,42.143915468366465],[13.057295240996444,42.12286884161205],[13.032728477735256,42.113586386715895],[13.019335867107753,42.07912391310533],[13.026621710268131,42.05002764094058],[13.046478186704698,42.03531611487425],[13.054533460356609,42.01637017244101],[13.10102480580006,42.00798966584797],[13.102187325686316,42.02657763440103],[13.146966493861564,42.011972840757295],[13.169733273580778,41.99779010113607],[13.202130999514216,41.98600332611486],[13.226662790328938,41.983502885426155],[13.238895454012866,41.97327267299348],[13.262330893402446,41.9680364361128],[13.286035099245902,41.95036889665016],[13.3084159998643,41.95305929947052],[13.338691353031061,41.92553544110518],[13.356555605420832,41.925738613364956],[13.37835137751651,41.91179671727622],[13.382735776757231,41.90079289709852],[13.358982149539152,41.869314831417284],[13.366592617996604,41.86425195886084],[13.366833910463473,41.83306813028909],[13.379517174372994,41.81745784000338],[13.390989219488182,41.81926580944895],[13.407463065711381,41.8374644577306],[13.451554357077649,41.822817932527286],[13.464583429036452,41.8091388010772],[13.50641337815961,41.80063075227942],[13.520435067732505,41.772965382110726],[13.545324279231737,41.76236069175868],[13.57622950443238,41.75501880400952],[13.58609949339445,41.766434808698016],[13.6312724080088,41.78264551148704],[13.642891247975388,41.792870914213985],[13.6384592877065,41.804317941523664],[13.660925600826983,41.81125864172999],[13.681101286502106,41.80425165654462],[13.692708064866416,41.79152296208715],[13.716492035257419,41.79739751777479],[13.748649331481744,41.773587426530746],[13.749373002699693,41.76124193862308],[13.76717218665437,41.74887499300783],[13.790142013905864,41.74296950386552],[13.815031103515555,41.75278471770841],[13.82348080895488,41.740884301111805],[13.856446415042088,41.731234291152475],[13.89763893666388,41.732134250830306],[13.904455075305519,41.7181912888925],[13.919701407059476,41.71724357343433],[13.941015151497899,41.68797275205532]]]},"properties":{"reg_name":"Abruzzo","reg_istat_code_num":13,"reg_iso_3166_2":"IT-65","reg_istat_code":"13"}},
{"type":"Feature","geometry":{"type":"Polygon","coordinates":[[[13.977906070736527,41.46248746495421],[14.00578124179605,41.45283356251458],[14.000706720401988,41.4309321917924],[14.026578771220446,41.41668723379929],[14.042388564886636,41.39278042803386],[14.082078450568025,41.40000022801752],[14.111440628616982,41.38643403284909],[14.103892993757478,41.40562232959095],[14.106996437954065,41.41754832535284],[14.080141135839472,41.444115498725985],[14.094822921257324,41.472586298130906],[14.1119182976092,41.488905541151155],[14.119506905818342,41.50651666162949],[14.157387769134615,41.480273195400834],[14.172413802690217,41.49918309602958],[14.19079272309787,41.4964660779541],[14.240745764167876,41.49719692334067],[14.247164876487435,41.48596056980208],[14.279130701922298,41.486378297590015],[14.327161977787553,41.45343741450766],[14.342178753777278,41.454080394968514],[14.400940952816804,41.43719849181006],[14.412514471100991,41.441224116113936],[14.4307053531129,41.42872700455122],[14.453967491325301,41.42791330663134],[14.477989481199847,41.41017189707472],[14.488605935148769,41.39070841403451],[14.508297216466735,41.38163097776858],[14.522299814340023,41.3852205725387],[14.551293858683001,41.379463787477086],[14.566325762324063,41.39213064467122],[14.584884672455267,41.381542311426145],[14.591622861937552,41.36940754486122],[14.614635221784058,41.368239976212884],[14.633779784223261,41.3874326640416],[14.66605936789271,41.406533999368904],[14.699623563504588,41.41084351916328],[14.717278570337314,41.40082780725153],[14.748125795157762,41.408449621301955],[14.764700380188915,41.417368057138184],[14.774556540553583,41.445905956034586],[14.788517032095967,41.45280396042302],[14.843115388017877,41.42660726680209],[14.867695140582462,41.42782284602101],[14.885497898491968,41.44494948798982],[14.946414266746316,41.45597406931516],[14.982266957714886,41.46906612368072],[14.989665455573707,41.47986681826435],[15.007617814612411,41.486388782917835],[14.966394418441656,41.519007312314606],[14.937030620060101,41.527855824476305],[14.935876668588554,41.5424350386814],[14.945549488585463,41.56327606698533],[14.947357770930285,41.6076991017576],[14.936793882710145,41.62320311164931],[14.964028188132389,41.6433888096771],[14.988700160050154,41.63780787928756],[15.006340815140257,41.62306140140429],[15.044698165995927,41.64034608894312],[15.048312448851648,41.65552051680532],[15.105201762519577,41.675981148702995],[15.117753368052629,41.69411015211347],[15.155288220480132,41.70673741392491],[15.12091551807112,41.7207511744008],[15.102843248811396,41.74127574207628],[15.115258210033453,41.75092853623116],[15.098608801925694,41.76517468952733],[15.102427759136935,41.782411036075125],[15.114677138513935,41.789165234468285],[15.116446439598569,41.81453531322535],[15.100464047875438,41.83355554658563],[15.12972346196007,41.87370495535199],[15.140590333913094,41.87909916755049],[15.13166644294392,41.90342659199874],[15.138045719326364,41.926645124441066],[15.0905113755851,41.93768464803172],[15.022432736069936,41.983953745577],[15.003543392354432,41.99187419959578],[14.994222450328909,42.00512723049026],[14.954624072479644,42.01052902508689],[14.88919490002553,42.02439849279997],[14.827926227330208,42.04681248019647],[14.794370169676954,42.06566496482905],[14.779167628640167,42.07024694082255],[14.762302120448853,42.044595918484646],[14.782246956281249,42.03510521497168],[14.766155999653854,42.018449401149546],[14.727161081236838,42.00324614149301],[14.668636502023867,41.946630590034616],[14.663763349714984,41.91628905701482],[14.641649336758945,41.900398604200184],[14.614244509479818,41.88918843360648],[14.599349095572945,41.86373386701517],[14.598641690141474,41.85346554091508],[14.58366587955569,41.8407837118351],[14.567978706411555,41.81812102533748],[14.554065056595057,41.81746229169295],[14.532731041621515,41.798393722295415],[14.529986196717227,41.78832676254376],[14.504716163659584,41.776049150047825],[14.485330061601715,41.759651900014276],[14.454618412408927,41.76518158704033],[14.464419328141522,41.77700714631401],[14.45474416439695,41.795807637864876],[14.445696540932373,41.83782314561916],[14.397448049503367,41.86974345340012],[14.377256669798113,41.868087199069564],[14.361094534268068,41.87429602815732],[14.343301573926475,41.868555834049076],[14.328479218657883,41.884870419806575],[14.279300986184564,41.90951829167794],[14.244782213361656,41.88190139511568],[14.22527458167812,41.87356990092631],[14.21338810435289,41.8539393407098],[14.195015538974815,41.84153008714862],[14.178022583245033,41.845412594712556],[14.155834686839361,41.83708228403393],[14.147157881831246,41.827297314866975],[14.164774043723371,41.80726280478528],[14.170691872608787,41.77970814326294],[14.201202485852606,41.7675053824988],[14.190197365733285,41.748189686144116],[14.178706739824438,41.74921325483451],[14.170046225675115,41.76520672816034],[14.152198263186705,41.74618549133399],[14.120719878290947,41.7451846003846],[14.123413964438752,41.726541418207866],[14.105097400010722,41.71656347227498],[14.086723518785304,41.73912720270784],[14.069570901173552,41.73722537803215],[14.05303530832393,41.718573642287666],[14.053246215396413,41.701698678120415],[14.0318958147942,41.70206024728823],[14.019180263771531,41.68236080304816],[13.9949215773906,41.69315725655092],[13.956438325869762,41.69566941904147],[13.941015151497899,41.68797275205532],[13.967914696327686,41.67316441107298],[13.98683397723975,41.656407438069785],[13.99666649261803,41.62413979380389],[14.011129810293324,41.607789092604335],[14.010174245208496,41.59256161556308],[13.997814195499949,41.579429231301965],[14.00449838916645,41.566380997390105],[14.023774798127254,41.56070350622026],[14.024201167897033,41.52666649829187],[14.010538576471939,41.51479473229126],[13.993251025158925,41.51133054108558],[13.972906886423884,41.4940364092972],[13.99277641913699,41.4820817684955],[13.977906070736527,41.46248746495421]]]},"properties":{"reg_name":"Molise","reg_istat_code_num":14,"reg_iso_3166_2":"IT-67","reg_istat_code":"14"}},
{"type":"Feature","geometry":{"type":"Polygon","coordinates":[[[15.007617814612411,41.486388782917835],[15.023291190861096,41.47732580652608],[15.030299323886748,41.45538945781601],[15.076251391983904,41.43277811223607],[15.09834231962932,41.43402677931628],[15.079947326508975,41.38811106698528],[15.058467623811858,41.372134698943626],[15.072190194700093,41.33246032269299],[15.099931840905558,41.32770468890304],[15.130560168099061,41.317185580111044],[15.126770584658185,41.302951898715634],[15.137726199946686,41.28638302241777],[15.15019889285623,41.282737064903564],[15.201002928597662,41.28627197434336],[15.216282562751633,41.275235901217115],[15.253673176336195,41.268306461791916],[15.274063698018832,41.25049307236681],[15.27726822710104,41.24100023572603],[15.246175054399968,41.23611112740353],[15.24920843714762,41.21758529525782],[15.261339732297383,41.20258737763144],[15.223535577089322,41.18194162233367],[15.210432312968813,41.164450456118146],[15.210788467464324,41.148670648690484],[15.235735540445175,41.14014397062239],[15.263784206245282,41.113445157672146],[15.262140891724412,41.107621700430784],[15.29780449535781,41.09440289506393],[15.314357191772658,41.10388567515993],[15.34897219948843,41.09512945117263],[15.366397705709483,41.08489107086001],[15.400787977047923,41.106038679824515],[15.426192568960309,41.095099904030036],[15.446099997851654,41.07801446141303],[15.477859427191449,41.07860820702791],[15.489571853405192,41.07002672002933],[15.542874539481751,41.05585506744804],[15.54227486701523,41.067081565957416],[15.558909817322785,41.0873874630032],[15.58573850488291,41.09826124818335],[15.630800396070054,41.096690859355654],[15.684053692845051,41.086745365693126],[15.720318817334467,41.090093444376194],[15.732203806435933,41.098919762930514],[15.751186596090397,41.09789779550071],[15.768399287755704,41.083190965726814],[15.798732708618763,41.09198463005214],[15.803571825107282,41.11089348062781],[15.877696202896132,41.137720195629214],[15.921401543034937,41.11153672190818],[15.952202172780693,41.110561674960195],[15.976254063824044,41.094166681886726],[15.998686561582556,41.05477439435903],[16.00937332721993,41.05724171449174],[16.039896510861553,41.03413935042139],[16.027934812272722,41.02408113891279],[16.03117592964757,40.998019857044035],[16.002854826574396,40.970209271768816],[15.971811625659637,40.97213165561904],[15.983166405250207,40.95446496268735],[16.026063591114553,40.94353037658776],[16.061840731181796,40.92853042692925],[16.091877267245835,40.92097584423012],[16.12129829051467,40.89923889985898],[16.13806772810134,40.91835332440871],[16.162971136555218,40.92857993083574],[16.20246420581977,40.91753153345664],[16.214030792150822,40.905030468108755],[16.22660712420986,40.87956581064416],[16.23099721532855,40.85687139020967],[16.242246431686443,40.83956376119219],[16.284381494610926,40.79919615368761],[16.316226504959886,40.783106700328],[16.346885473182294,40.75199087752449],[16.380389755247663,40.73639888441584],[16.400152372193414,40.7074063832394],[16.429998357862704,40.70397318493123],[16.481670949176596,40.73917510474515],[16.496471596384218,40.758589173832384],[16.522660604929616,40.74605035551157],[16.537645836485915,40.7532858887548],[16.566870379389403,40.753332678758014],[16.585584742241032,40.76259166623099],[16.606688295490997,40.75549511405654],[16.639102975256993,40.75083572117675],[16.66151941445732,40.73683085103377],[16.677511655258847,40.7361441448442],[16.724904272569372,40.71382995979363],[16.696623063572257,40.702082111126195],[16.727200292138647,40.68837754655697],[16.710140979963544,40.63021533932204],[16.723970701046873,40.60244465880374],[16.707810512001842,40.564580670551244],[16.705687206415465,40.550189455066764],[16.722479778170648,40.533514532221034],[16.71669958164959,40.52360340438599],[16.737195830614482,40.50506076599898],[16.719587760837346,40.48141002881591],[16.743740860788336,40.46472322501312],[16.785470410676453,40.46287997398355],[16.802815741866986,40.45744378289772],[16.81015527529045,40.4330427822607],[16.833729259441025,40.41236658927921],[16.86717341806744,40.39785064358539],[16.902517744404367,40.43571930665631],[16.94609094163101,40.467653437039026],[16.996160447787187,40.49523715019387],[17.04391632536609,40.512128905195596],[17.0857023543601,40.51987489837179],[17.129621857662027,40.51715855634939],[17.149300191458345,40.505217223058594],[17.16263986072245,40.5061110213307],[17.1818726246628,40.48177115268522],[17.192082074139112,40.47700209215677],[17.226635669270586,40.479516272743226],[17.249163011913733,40.458813458859495],[17.25038648827284,40.44254103732129],[17.23048314680672,40.4239781244817],[17.211654992157218,40.42291420928773],[17.23518501488555,40.40135227109581],[17.29605206153819,40.37889454815975],[17.32431221751634,40.361710023775636],[17.37548133953977,40.34808026180202],[17.395642811140647,40.33225614392184],[17.442842604671668,40.329805198289584],[17.458034177657833,40.31697766463807],[17.494765178677007,40.30995631069513],[17.51015570501027,40.294634325470895],[17.657031440047295,40.30418793678791],[17.69446827833075,40.303642902770235],[17.760561521466844,40.29752083732864],[17.81746143930905,40.28911750887479],[17.8388271821542,40.28169904007809],[17.852508557490243,40.2860533584488],[17.87901485322587,40.27202867125675],[17.909391847090266,40.2481507714187],[17.911288092573,40.233755323723486],[17.92459359699892,40.22384189591015],[17.918285431873677,40.194369228164604],[17.938423408645903,40.17063036630713],[17.961275003867424,40.15203295670658],[17.98605009994094,40.13979629278251],[18.00991871875473,40.10905993899599],[18.011354094790438,40.08591922575187],[18.001070237975146,40.06692108469709],[17.988949460039873,40.05859314947977],[18.01249252491858,40.03950890152819],[18.02055577410127,40.01572047391449],[18.00905444658294,39.99718912608382],[17.995114618886625,39.99437635798108],[18.029587162606983,39.949480798343515],[18.05035360985463,39.9276778306349],[18.062919902501772,39.92173879501729],[18.088200068285886,39.89927935555046],[18.11998259720317,39.88450831967139],[18.148008150722507,39.86302033957486],[18.202709892051022,39.83925065328766],[18.237794720908024,39.83462980534237],[18.265629756803836,39.83568569319666],[18.325515645447723,39.807452443120354],[18.346199596002553,39.791152967201],[18.368994127480008,39.79376448969114],[18.390875704021372,39.81733789575137],[18.384638634359924,39.841002471079],[18.397647999089102,39.871477630839664],[18.397269141925392,39.89593910636095],[18.390417458854415,39.90810834051753],[18.403089813632363,39.96009110980511],[18.4166709143109,39.993984023497156],[18.430935365618158,40.00949715121441],[18.4356911415006,40.02466667070638],[18.47444411538552,40.04368465146243],[18.48481485162186,40.078518860264374],[18.520381593345082,40.10708236526139],[18.506841139083367,40.12789817782429],[18.50618051719014,40.144403552035506],[18.48970456772338,40.14704725046209],[18.47774103393723,40.17986933417329],[18.46381792389813,40.19277919096706],[18.45842622230078,40.21179831756399],[18.461055437177116,40.23305506208574],[18.430352227458172,40.27262981093977],[18.424774250354346,40.29145965399607],[18.38884595518841,40.31260803772183],[18.35145736565574,40.3517928785907],[18.31491129450831,40.37450228109616],[18.300995953279294,40.394548581136675],[18.27896114509538,40.40731449450094],[18.24878119017201,40.43758686563476],[18.20273750371841,40.46732550288357],[18.185812776442134,40.46930391083676],[18.166377630386048,40.480712422199176],[18.12683167251918,40.492933204613465],[18.10917424918783,40.509814161701065],[18.07977836330825,40.526329493684415],[18.074250754806496,40.53901191361251],[18.054989469664896,40.548623998591786],[18.03501467849081,40.56884132281819],[18.044843929635675,40.597631006992316],[18.020920369540338,40.61849353091743],[18.016873329979507,40.63973023486452],[17.99861189762493,40.64903288589411],[17.98210111033294,40.64407188066875],[17.960314592185426,40.65506395837182],[17.941952461401126,40.682003857778376],[17.925820407430397,40.67946301526265],[17.843482272998703,40.690116641156834],[17.814016341744495,40.70150373479861],[17.798595237692997,40.714720188658795],[17.77468882306527,40.720543842002094],[17.7484503522608,40.73306563771169],[17.70862546175601,40.75762009334758],[17.67688436488549,40.76866787105717],[17.601434638766232,40.787106219622714],[17.515019584402225,40.814388077238654],[17.47281270138644,40.832214880371836],[17.465607790623253,40.84386486416096],[17.42185508730595,40.86575248852253],[17.38278485603068,40.89521684868983],[17.351542370865975,40.9050510734623],[17.328353435949,40.935074415187906],[17.30176617731456,40.95827976583432],[17.237863246867764,40.99217712025351],[17.20599382232835,41.001334982950496],[17.176223996441966,41.02851254619725],[17.146266071175866,41.03558033974306],[17.09074953705232,41.06329163312319],[17.058257981209874,41.07601901554927],[16.96017045120993,41.0972647928012],[16.9274016775362,41.11157155112691],[16.890785268644446,41.11877965311653],[16.86547170773396,41.13046082099836],[16.81149982566494,41.14012357710097],[16.778805820134753,41.159747685485904],[16.762873349947004,41.16054131938292],[16.682331492620555,41.182210016507604],[16.674939278164054,41.18900620789527],[16.62795217262595,41.19410584617256],[16.541884838174678,41.229734822432654],[16.53122706784784,41.23896563730831],[16.44782635662361,41.262320983376284],[16.419358389690018,41.282507552853815],[16.400854207570827,41.28513379559707],[16.35872175327079,41.30473278326132],[16.27679323910772,41.32437585947216],[16.243447861578407,41.337226169553226],[16.212564133854002,41.356980141979605],[16.171300794690143,41.36858058971424],[16.05007038116549,41.418116325875495],[15.99641762604581,41.437500205361204],[15.962240098811884,41.45779189366062],[15.933363869934285,41.48401398368066],[15.918874430405296,41.504334099178166],[15.903678994316847,41.534586076059895],[15.894230122616248,41.575554973532185],[15.90137541706503,41.6148330223566],[15.945734196702196,41.643159345768915],[16.038973542700496,41.680259900077985],[16.065376059516534,41.695708084306986],[16.073371954265507,41.710570720880284],[16.08774685415468,41.71436894521135],[16.104728063657607,41.72959814583326],[16.143769139272397,41.74308088029981],[16.162167143287967,41.75428084514032],[16.167597793213115,41.766354708916474],[16.18999559826531,41.77739356529965],[16.196669286229046,41.82233797758965],[16.17668511482067,41.85511456032517],[16.178878278439093,41.887220928140074],[16.161062038436395,41.89192652060944],[16.140937880927755,41.914396467602614],[16.118143308980052,41.91656609555852],[16.089591600478613,41.93867053966022],[16.05934042621777,41.947692715373435],[16.024003509475303,41.94594172327624],[16.009597869330396,41.9498851481582],[15.980403473582347,41.94210523202819],[15.927042166957706,41.933505757396034],[15.799764908410124,41.92044843964942],[15.73769747537327,41.9157700643186],[15.68343821594529,41.91440974932149],[15.619834081169088,41.928720854615754],[15.612845788500502,41.9255184560999],[15.501953061008589,41.90869846617207],[15.416306477126678,41.90087269309925],[15.373557254795458,41.90174445072976],[15.355885463748395,41.905371981706026],[15.340713789608941,41.917174431992194],[15.293278293353163,41.92032854436475],[15.211868554354876,41.919133413201145],[15.138045719326364,41.926645124441066],[15.13166644294392,41.90342659199874],[15.140590333913094,41.87909916755049],[15.12972346196007,41.87370495535199],[15.100464047875438,41.83355554658563],[15.116446439598569,41.81453531322535],[15.114677138513935,41.789165234468285],[15.102427759136935,41.782411036075125],[15.098608801925694,41.76517468952733],[15.115258210033453,41.75092853623116],[15.102843248811396,41.74127574207628],[15.12091551807112,41.7207511744008],[15.155288220480132,41.70673741392491],[15.117753368052629,41.69411015211347],[15.105201762519577,41.675981148702995],[15.048312448851648,41.65552051680532],[15.044698165995927,41.64034608894312],[15.006340815140257,41.62306140140429],[14.988700160050154,41.63780787928756],[14.964028188132389,41.6433888096771],[14.936793882710145,41.62320311164931],[14.947357770930285,41.6076991017576],[14.945549488585463,41.56327606698533],[14.935876668588554,41.5424350386814],[14.937030620060101,41.527855824476305],[14.966394418441656,41.519007312314606],[15.007617814612411,41.486388782917835]]]},"properties":{"reg_name":"Puglia","reg_istat_code_num":16,"reg_iso_3166_2":"IT-75","reg_istat_code":"16"}},
{"type":"Feature","geometry":{"type":"Polygon","coordinates":[[[15.542874539481751,41.05585506744804],[15.562987309986868,41.03123397229638],[15.559614270703195,41.01788415777962],[15.570283241762327,40.99354863351197],[15.566614594890362,40.96878041030638],[15.543744392122557,40.94766108379493],[15.526729714631292,40.907587540968095],[15.467629370552485,40.889602789191194],[15.473139274862877,40.87493938109446],[15.460563519913466,40.86711705005809],[15.444724741536994,40.876822672257205],[15.40876377339559,40.88031384278146],[15.383948557533683,40.8763278542085],[15.372630912763565,40.88572098017563],[15.354164326597393,40.8826523757939],[15.354892065543089,40.871163011917936],[15.374122906873524,40.86012287307707],[15.37832983663609,40.84074999650361],[15.33496982470563,40.83487966572484],[15.356669947940505,40.823641887953904],[15.366111770974962,40.80048483988754],[15.387704702852961,40.79345726559153],[15.381342921227358,40.781669275315764],[15.389024282398475,40.76762498785315],[15.379057820737874,40.75092947090119],[15.381476270245313,40.72414975924115],[15.409887154940547,40.712870358938254],[15.430350647341262,40.692068017056464],[15.469451595693197,40.67366986465915],[15.487195976149227,40.67284114392119],[15.503593814473147,40.662939359862484],[15.489441720414868,40.64620017644871],[15.46777685317091,40.639236152520255],[15.451764775609616,40.610855661981965],[15.472259596712565,40.59351747397451],[15.5101283892828,40.58574632207149],[15.541997216097586,40.5324032186821],[15.535312639248554,40.522261336369155],[15.550473600695211,40.509246863271436],[15.535228012819736,40.499640690331084],[15.544105525670906,40.48624379793969],[15.57589744057986,40.46958793694744],[15.586733833148232,40.443602199187836],[15.634288975084923,40.42193402811734],[15.662731850282634,40.3924932885874],[15.670988073496423,40.398265058252676],[15.709811879865743,40.37593961649596],[15.70451907405578,40.34401712196761],[15.72687982947469,40.3154453232505],[15.749161817131998,40.298734972443],[15.789702511526041,40.29002547907146],[15.803853148781148,40.2506793855308],[15.790709190427984,40.244053436236435],[15.791156678469788,40.21790314600071],[15.77316395180635,40.21684763265195],[15.751207349177776,40.20179862261846],[15.734476853585246,40.201675320596834],[15.728010512100903,40.18589520047817],[15.712527127545663,40.178443995190996],[15.701737980888886,40.161468003334335],[15.708898916826005,40.13631727829837],[15.705826583556266,40.11773411295622],[15.676982773423076,40.08446761537923],[15.661778289835405,40.07931748297569],[15.676164400157576,40.05489897953552],[15.645341929781498,40.04296346957591],[15.66446127270854,40.039578456947666],[15.675331636791013,40.03000918781879],[15.67505264462663,40.01460526622241],[15.686164949117678,40.00206377380859],[15.710380133914377,39.98644832561872],[15.732412070415263,39.96237942647514],[15.736166048782632,39.94228506867347],[15.755916190209602,39.923556276222804],[15.76585507210935,39.93060421488064],[15.771186311041808,39.95718900673813],[15.79511897232586,39.971655854316914],[15.820051160118142,40.001869104894915],[15.847745934032204,40.00592420737989],[15.868350190986837,39.98803826688953],[15.889673098575404,39.994581775334865],[15.898017363977967,39.98168300880199],[15.928020911555791,40.001071723656395],[15.964255522105667,39.99133526979817],[15.978213441502419,39.983742922564005],[16.002236263584788,39.98817702524712],[16.008598194362733,39.996481672212234],[16.030200793872208,39.993488615078675],[16.006878981678696,39.956936193583395],[16.021752923938813,39.93446343337483],[16.01841913633644,39.92431860762643],[16.036336529889333,39.916681190321604],[16.053499444819717,39.89814129797295],[16.08325986420997,39.89687594982037],[16.101369274675587,39.90641600795312],[16.137973711315666,39.901412706268545],[16.158037227495388,39.919676164205846],[16.21469213041515,39.89597930526136],[16.220806877271798,39.927932557950946],[16.237999815877583,39.925469244795835],[16.26672687668779,39.934882212782924],[16.316238233885052,39.92911544214873],[16.349753824280327,39.898810377017426],[16.359663854939807,39.91960417752662],[16.339847477369872,39.93294963885839],[16.346897368902216,39.94937495188684],[16.389305254491667,40.001037706042986],[16.398432519002895,40.01896682080968],[16.394892548691406,40.05043091709989],[16.414240099004893,40.080684593208744],[16.415299231696096,40.10396768706039],[16.40973995912853,40.11999147883175],[16.41992368698438,40.12852249885676],[16.4702685890499,40.134076409900146],[16.4945470906122,40.12466716015276],[16.517715552450873,40.128705914741545],[16.530885528808184,40.11827100182824],[16.561860042535564,40.12987943577846],[16.58566188147178,40.133374057912356],[16.62011000026414,40.13185025361001],[16.643873558085115,40.11903864231132],[16.685725330628422,40.147377960952156],[16.732544028730324,40.20282231138513],[16.752097614921883,40.24916573721945],[16.78741934185962,40.3031299008359],[16.81352751554156,40.3305872287565],[16.86717341806744,40.39785064358539],[16.833729259441025,40.41236658927921],[16.81015527529045,40.4330427822607],[16.802815741866986,40.45744378289772],[16.785470410676453,40.46287997398355],[16.743740860788336,40.46472322501312],[16.719587760837346,40.48141002881591],[16.737195830614482,40.50506076599898],[16.71669958164959,40.52360340438599],[16.722479778170648,40.533514532221034],[16.705687206415465,40.550189455066764],[16.707810512001842,40.564580670551244],[16.723970701046873,40.60244465880374],[16.710140979963544,40.63021533932204],[16.727200292138647,40.68837754655697],[16.696623063572257,40.702082111126195],[16.724904272569372,40.71382995979363],[16.677511655258847,40.7361441448442],[16.66151941445732,40.73683085103377],[16.639102975256993,40.75083572117675],[16.606688295490997,40.75549511405654],[16.585584742241032,40.76259166623099],[16.566870379389403,40.753332678758014],[16.537645836485915,40.7532858887548],[16.522660604929616,40.74605035551157],[16.496471596384218,40.758589173832384],[16.481670949176596,40.73917510474515],[16.429998357862704,40.70397318493123],[16.400152372193414,40.7074063832394],[16.380389755247663,40.73639888441584],[16.346885473182294,40.75199087752449],[16.316226504959886,40.783106700328],[16.284381494610926,40.79919615368761],[16.242246431686443,40.83956376119219],[16.23099721532855,40.85687139020967],[16.22660712420986,40.87956581064416],[16.214030792150822,40.905030468108755],[16.20246420581977,40.91753153345664],[16.162971136555218,40.92857993083574],[16.13806772810134,40.91835332440871],[16.12129829051467,40.89923889985898],[16.091877267245835,40.92097584423012],[16.061840731181796,40.92853042692925],[16.026063591114553,40.94353037658776],[15.983166405250207,40.95446496268735],[15.971811625659637,40.97213165561904],[16.002854826574396,40.970209271768816],[16.03117592964757,40.998019857044035],[16.027934812272722,41.02408113891279],[16.039896510861553,41.03413935042139],[16.00937332721993,41.05724171449174],[15.998686561582556,41.05477439435903],[15.976254063824044,41.094166681886726],[15.952202172780693,41.110561674960195],[15.921401543034937,41.11153672190818],[15.877696202896132,41.137720195629214],[15.803571825107282,41.11089348062781],[15.798732708618763,41.09198463005214],[15.768399287755704,41.083190965726814],[15.751186596090397,41.09789779550071],[15.732203806435933,41.098919762930514],[15.720318817334467,41.090093444376194],[15.684053692845051,41.086745365693126],[15.630800396070054,41.096690859355654],[15.58573850488291,41.09826124818335],[15.558909817322785,41.0873874630032],[15.54227486701523,41.067081565957416],[15.542874539481751,41.05585506744804]]]},"properties":{"reg_name":"Basilicata","reg_istat_code_num":17,"reg_iso_3166_2":"IT-77","reg_istat_code":"17"}},
{"type":"Feature","geometry":{"type":"Polygon","coordinates":[[[15.755916190209602,39.923556276222804],[15.778979629128397,39.8936720678219],[15.79216212936383,39.86019875526464],[15.76915360741513,39.836921624397824],[15.786409014009182,39.8133694224323],[15.793344017721767,39.77926704117793],[15.804492793052752,39.74369738863139],[15.80588351920078,39.713225928864816],[15.816282253245669,39.679740872609806],[15.831839765226164,39.667770335609546],[15.844288323630032,39.62765192913369],[15.851345483738886,39.61862028719087],[15.872071099741897,39.55952853227253],[15.88127744763414,39.54495659902961],[15.925195587219765,39.52653182885439],[15.961880174051252,39.475064763251844],[15.97944134765102,39.462430857589275],[15.998918076579265,39.43531713051866],[16.038608247841903,39.34069086574879],[16.05344621043729,39.28642890654178],[16.063123463628585,39.15975651187051],[16.067826992994593,39.13379800966457],[16.08217756887754,39.09477291536064],[16.098370470855688,39.03182327002654],[16.135500245652523,38.990997176897814],[16.159268060261205,38.94928464548188],[16.18965012007246,38.93498980197859],[16.211212757994733,38.93082680985919],[16.218986310135215,38.91693192446241],[16.221331830785015,38.8663340452203],[16.2137055700664,38.8123432162763],[16.201938388169157,38.78272900622591],[16.18132290740875,38.747196469249516],[16.130509554267043,38.71630697711726],[16.10619778245352,38.71197594685222],[16.04124892440197,38.72717866495013],[15.986424927933657,38.72315964165397],[15.947571258499153,38.69094833937394],[15.894743518571012,38.67993597328687],[15.871414163157873,38.672318371589085],[15.84893483680253,38.65952832766043],[15.835971089624797,38.64488786788656],[15.826713045028729,38.6229708835722],[15.844201273483998,38.6131849759108],[15.894153359609962,38.576192510348626],[15.90417067483988,38.56285138618793],[15.92884140190699,38.550049182849236],[15.92954237368667,38.532349386378066],[15.910527518592163,38.47755187946701],[15.898369019834265,38.45150210958106],[15.875959875377786,38.42225248044125],[15.857453206270817,38.37941194877905],[15.833000307800672,38.35612583664744],[15.827938812895953,38.322442906884824],[15.814745599799057,38.29878714754166],[15.793509414751526,38.28013769270334],[15.750196241212512,38.257425703510954],[15.71393686997649,38.25479786894697],[15.679131945416403,38.2468916818185],[15.671329041459302,38.24079911246848],[15.635926168192338,38.23174978898901],[15.634007233510834,38.18584072137298],[15.650721463013378,38.159206326522174],[15.656316943135245,38.134953021774315],[15.647918691067892,38.11613361772053],[15.631200597699461,38.10262256100268],[15.635691672925804,38.07489051979641],[15.651324977938252,38.0669062991743],[15.648131764346758,38.05492366720552],[15.65406426126403,38.030693436921126],[15.63443551481659,38.019901652980714],[15.645926182985296,37.99138365217401],[15.677673281555844,37.954514772512276],[15.696749170723974,37.9490624679665],[15.707130167354492,37.93840707819042],[15.733300304047162,37.92565199795632],[15.764318551502516,37.91637438041718],[15.811409406052595,37.92022876257802],[15.827884237390746,37.91832506440613],[15.883048394607888,37.92692336549396],[15.92015668212719,37.929696563911875],[15.953122404148425,37.9209918260869],[16.000512223769416,37.91676670764639],[16.01981931914696,37.92262068529987],[16.06445539446747,37.92563475058235],[16.096618303815493,37.95603667326303],[16.114226634073564,37.97802735288807],[16.144315657604373,38.031642799515545],[16.15718275603152,38.09537999040722],[16.16128245324915,38.12805436756076],[16.1719514726603,38.14286079894538],[16.19272678703009,38.15783313815221],[16.273263557603208,38.239696516997185],[16.31522465748893,38.284871646492654],[16.33508636600641,38.30011080957294],[16.36560486537993,38.30722954267207],[16.418917966863212,38.324648178855455],[16.439670451800545,38.3288228158875],[16.473843501329032,38.344387941020884],[16.498837635660283,38.361422399700125],[16.553354407736983,38.40854298695444],[16.57268173640323,38.429267777998255],[16.583182430798743,38.45884834733307],[16.57960774565488,38.50267405196099],[16.571879701666564,38.53501836094326],[16.570971207732093,38.58897677887555],[16.561626443152782,38.61627931221196],[16.556437235929227,38.65499374273564],[16.555451564292742,38.69015127449242],[16.536654302279107,38.70244924303734],[16.542563057703706,38.72699342021385],[16.57030037865572,38.75526373325637],[16.566793327442287,38.76513282507155],[16.604698170364458,38.81061372739738],[16.624298709965835,38.82508710990917],[16.637168205210905,38.82651123251651],[16.751441946480234,38.88470937893982],[16.7842441877572,38.89877279524704],[16.84381088971802,38.91712868397371],[16.890582599184633,38.92799536924294],[16.962727861467865,38.93886662600707],[16.98613199568904,38.93661537587],[17.006017305825324,38.91571122142251],[17.022114996222616,38.90597771813156],[17.04738396483451,38.91929022045153],[17.081945793123992,38.913275756836775],[17.099724185263515,38.90344792595723],[17.11083131689421,38.90989765081952],[17.152518525779296,38.946069023116976],[17.170327022318915,38.95758365914333],[17.160368626853867,38.97130052050955],[17.166202015336193,38.99692991563404],[17.18823547557228,39.01968963174177],[17.172928448856045,39.033036120679],[17.146360392481068,39.04728335729768],[17.133561793698252,39.060713269286516],[17.136020230583075,39.08020582945099],[17.115048215490273,39.09104024547512],[17.108517337203835,39.11480830090323],[17.12310760813934,39.15790161313395],[17.147881461692485,39.205337005417114],[17.131187062126628,39.220229581435945],[17.107382491512947,39.250875108587756],[17.10501394726839,39.268515573412145],[17.111454571578825,39.28913654016384],[17.112862174968743,39.32030489628162],[17.132854261942153,39.35952956058358],[17.136205263286257,39.37537746345697],[17.15321711955495,39.39397705040436],[17.141542822971036,39.40172300169143],[17.11583491304063,39.40638788545991],[17.08027611706989,39.42220216803512],[17.04966014034242,39.44125751666353],[17.037157199446046,39.45687278460973],[17.027062342795197,39.480226888654265],[17.014052386418324,39.486872249483206],[16.980355293729446,39.491056220917535],[16.94422377186109,39.5016332892653],[16.942302466180223,39.506793052729456],[16.866595006362754,39.53861861577565],[16.825374041520938,39.56984618202323],[16.8176506453335,39.58808470422653],[16.778779041021696,39.616352739244604],[16.75580618458274,39.624426002350866],[16.737920739364455,39.616631639489434],[16.685188409168205,39.62113067658338],[16.63032196693586,39.62030496732591],[16.60568248808627,39.62507266134585],[16.566590495790443,39.64125839879843],[16.539781126629652,39.656306079271175],[16.52558536614459,39.680096667969686],[16.529399828488323,39.724435548817354],[16.499863607380306,39.74137687642833],[16.488210876159382,39.76431775799731],[16.48711867895206,39.78675738475282],[16.502295789199767,39.8259351388359],[16.53825602205578,39.87075519098013],[16.55845468880851,39.891822442087744],[16.582994858257763,39.910746069229454],[16.62752733774956,39.958804739808976],[16.61125445055875,39.99602290971157],[16.60956021153394,40.01486867755069],[16.5996381267242,40.03589958861405],[16.605705361743027,40.08005515431971],[16.643873558085115,40.11903864231132],[16.62011000026414,40.13185025361001],[16.58566188147178,40.133374057912356],[16.561860042535564,40.12987943577846],[16.530885528808184,40.11827100182824],[16.517715552450873,40.128705914741545],[16.4945470906122,40.12466716015276],[16.4702685890499,40.134076409900146],[16.41992368698438,40.12852249885676],[16.40973995912853,40.11999147883175],[16.415299231696096,40.10396768706039],[16.414240099004893,40.080684593208744],[16.394892548691406,40.05043091709989],[16.398432519002895,40.01896682080968],[16.389305254491667,40.001037706042986],[16.346897368902216,39.94937495188684],[16.339847477369872,39.93294963885839],[16.359663854939807,39.91960417752662],[16.349753824280327,39.898810377017426],[16.316238233885052,39.92911544214873],[16.26672687668779,39.934882212782924],[16.237999815877583,39.925469244795835],[16.220806877271798,39.927932557950946],[16.21469213041515,39.89597930526136],[16.158037227495388,39.919676164205846],[16.137973711315666,39.901412706268545],[16.101369274675587,39.90641600795312],[16.08325986420997,39.89687594982037],[16.053499444819717,39.89814129797295],[16.036336529889333,39.916681190321604],[16.01841913633644,39.92431860762643],[16.021752923938813,39.93446343337483],[16.006878981678696,39.956936193583395],[16.030200793872208,39.993488615078675],[16.008598194362733,39.996481672212234],[16.002236263584788,39.98817702524712],[15.978213441502419,39.983742922564005],[15.964255522105667,39.99133526979817],[15.928020911555791,40.001071723656395],[15.898017363977967,39.98168300880199],[15.889673098575404,39.994581775334865],[15.868350190986837,39.98803826688953],[15.847745934032204,40.00592420737989],[15.820051160118142,40.001869104894915],[15.79511897232586,39.971655854316914],[15.771186311041808,39.95718900673813],[15.76585507210935,39.93060421488064],[15.755916190209602,39.923556276222804]]]},"properties":{"reg_name":"Calabria","reg_istat_code_num":18,"reg_iso_3166_2":"IT-78","reg_istat_code":"18"}},
{"type":"Feature","geometry":{"type":"MultiPolygon","coordinates":[[[[12.907870882941802,38.02511339263306],[12.892724564647331,38.02441236582693],[12.859102038029995,38.04837845129414],[12.827132474288343,38.066288216745825],[12.81096159602356,38.081299694765356],[12.790081079089681,38.11191862186898],[12.790889846012295,38.13474969539227],[12.770128145073512,38.151101085060766],[12.766006538098619,38.180244557616746],[12.738567863085468,38.175876318322544],[12.726803438695525,38.18784347419951],[12.717772817932076,38.16855072163234],[12.736227106261667,38.13707680434343],[12.709985596230984,38.10878730519495],[12.689034387460254,38.1055689116569],[12.671438098395862,38.114141484081976],[12.65678612454996,38.10731119233103],[12.66210118630251,38.09303860431881],[12.644932211753192,38.07860468395902],[12.600151521344067,38.065126586426814],[12.57774749849419,38.07040900475243],[12.560308633183274,38.06472702629849],[12.552228024273425,38.04976781780354],[12.512058364007018,38.01821044328182],[12.505259705436785,37.99364906249657],[12.494394991210408,37.98402959547794],[12.498526376562097,37.96607862102357],[12.479417313637791,37.931846118114464],[12.458778610948263,37.90873178545219],[12.466753636850582,37.89178455940819],[12.485139523265794,37.87350921738375],[12.471439121104977,37.84971958774862],[12.468036209743994,37.827853016736725],[12.458266001829113,37.81464799387385],[12.438795460625782,37.81251065032561],[12.425430396994976,37.80125617678859],[12.443437575455212,37.78783316148381],[12.470065947660249,37.74704313299902],[12.470457059611809,37.704905821105704],[12.489931089134796,37.69006109746825],[12.50129304774748,37.67463925876218],[12.535029875196981,37.65799549131591],[12.554141777302707,37.663354551200285],[12.578568625616931,37.6500389018757],[12.595794508203412,37.64717555551921],[12.61408625988,37.63473751419196],[12.619864562695906,37.616473794677695],[12.649232384592581,37.578109416979494],[12.679448659891069,37.55947259897179],[12.76481089162551,37.57884639072982],[12.782295897406252,37.58091391963993],[12.858299601033272,37.58262798821563],[12.943015026739468,37.57234533859378],[12.96268278758704,37.562745708417246],[12.988764481771577,37.54094295697606],[13.012000985514812,37.51267296111372],[13.013346113773904,37.499193306133265],[13.039724530512533,37.496084647481645],[13.05364996184305,37.50386966825686],[13.093165996916468,37.503268073203294],[13.1302781764405,37.492591879247975],[13.155713655535825,37.496513858883226],[13.185975809713868,37.479747602261206],[13.196451127719113,37.46490286715995],[13.21721957088045,37.459232197568454],[13.230744117741246,37.441970333758995],[13.259983980028661,37.41676396559147],[13.271678933380722,37.391423505517096],[13.29255231923869,37.39043724218328],[13.32305415199375,37.363270951483116],[13.344812553891106,37.36018261374819],[13.3730697717173,37.34788246628614],[13.388297640643566,37.335503170684156],[13.403331621932415,37.332223650124035],[13.429257716198842,37.303901122297034],[13.463445620349923,37.295256026708486],[13.479220455922226,37.28699659049901],[13.510087542420962,37.291361864622885],[13.532527170666432,37.283974297046456],[13.55127827436316,37.28697118237726],[13.59564734663992,37.2571717054897],[13.622264401029856,37.23444131526648],[13.633052039540328,37.233188654318745],[13.655936430249756,37.211616677381905],[13.661614237645434,37.19396535359275],[13.683922780434449,37.18792933783557],[13.711528280090489,37.17199357968349],[13.728318430353205,37.16893718906654],[13.750400115615975,37.14944136227787],[13.775497624049606,37.14542156118733],[13.824081637776123,37.144489050490584],[13.841702578659289,37.135463528068016],[13.865554631702805,37.10952158133506],[13.902412088952286,37.09651611704965],[13.93366579459141,37.09524758504397],[13.978802866365761,37.10909439942635],[14.036310025725065,37.106088269047774],[14.066753658312871,37.11091111831472],[14.145811101141671,37.09773271200289],[14.209047499797261,37.07662378985135],[14.228192124817383,37.06573095809839],[14.258618742498662,37.05826871192549],[14.296775676957996,37.036759791482616],[14.362642295191929,36.97856272897245],[14.387841744373718,36.95008065386277],[14.435869006575434,36.88490155305449],[14.444155934615614,36.870021699569996],[14.459569165539971,36.826911634026416],[14.493342629226241,36.78649517985041],[14.516418959129778,36.787538512134866],[14.531337097851623,36.78048005571487],[14.556129144199396,36.782406661938005],[14.587519588347645,36.77713180230389],[14.607012277015523,36.768236944612966],[14.6384516108437,36.76138919778265],[14.669417757560144,36.74315454678384],[14.691251132890734,36.720799552144065],[14.707827782334647,36.71778711914594],[14.747968589584454,36.71968071385892],[14.757715075850927,36.71038361843752],[14.783088720776064,36.703605209509526],[14.81116065967558,36.71556919502317],[14.831845601994042,36.7175586646896],[14.848507345731457,36.72723014964487],[14.86949096478978,36.73088872017773],[14.912264369367751,36.7233141312501],[14.956615356819468,36.69408555751728],[14.973191010295803,36.69281729341968],[15.006632562591975,36.70340541680416],[15.020715971958628,36.70124448361001],[15.042291544418003,36.688924508504584],[15.05714133059624,36.661931739400565],[15.079763200496412,36.64771437491784],[15.103666596616087,36.662386511055516],[15.112392896905146,36.67314742856424],[15.13196454560482,36.66680926931913],[15.138435869184379,36.68249187089294],[15.123210652300294,36.70258985543624],[15.12082641087889,36.73218503756453],[15.103066345361565,36.75785521639915],[15.095376241651891,36.77634768182928],[15.095507917199521,36.79551183779868],[15.106040016085746,36.80640137508012],[15.106170223917154,36.83193565770655],[15.112371259105768,36.850905436125935],[15.136631702668947,36.8768983938743],[15.157951333627741,36.91917443943369],[15.172730156545029,36.924488483271276],[15.179683146399611,36.93868251544995],[15.205674996423014,36.95877999476418],[15.238983044265241,36.972198309142684],[15.257348627109568,36.97309612747236],[15.269030893663162,36.987017700133634],[15.264453940402584,36.99467075603219],[15.303953468353633,37.01466555207297],[15.314767161005609,37.00368973323375],[15.336562503302105,37.00712729766706],[15.315976928204543,37.03500073527907],[15.303443896712443,37.04244423744699],[15.289289476813295,37.03262449186818],[15.275844176108224,37.03897246955146],[15.2705381683909,37.054188636624225],[15.27804417807251,37.06525039033005],[15.299997894949524,37.07943221590204],[15.296399732314395,37.10559651521338],[15.25922176154154,37.10996601415153],[15.23707297940539,37.115984521795426],[15.22118556006351,37.12838027618272],[15.220117159398074,37.143368268262705],[15.204531030600961,37.15498772077703],[15.201318611668606,37.17823755401233],[15.184943728779453,37.19547028112805],[15.183213117124838,37.21578149380226],[15.19296992232929,37.22055465728855],[15.206294968047,37.24505874291738],[15.229006852198719,37.24296522645686],[15.247160616871758,37.2320269752727],[15.255602746559266,37.24139992991234],[15.240930318311259,37.26043040324456],[15.224896520314221,37.27018009159876],[15.208592667270773,37.29147917667836],[15.194784459561092,37.282546095058095],[15.171623841312831,37.29319154632006],[15.160955194353022,37.28978827786714],[15.134731932269982,37.3095319665204],[15.105269748825517,37.31017713826669],[15.096497726282523,37.32560489272977],[15.090972663479114,37.35864173443456],[15.090962140126145,37.412014773614494],[15.085266504951043,37.47646013441588],[15.11503803138507,37.53066295121382],[15.144548742159976,37.54512098343763],[15.166343058372851,37.57194929870721],[15.177234116753205,37.57656798665291],[15.172435277212644,37.610123355251936],[15.174718281254748,37.632755364894564],[15.19980001678955,37.657109041365125],[15.19921461395834,37.676744043431306],[15.218347293065415,37.70837305003676],[15.20572459091471,37.733560893581135],[15.211785314733861,37.753541768887644],[15.24848635405967,37.79975045961323],[15.27604142178579,37.82304561816695],[15.273086229366418,37.83580514548984],[15.301888970520505,37.85281386574502],[15.297665459908265,37.865444305633346],[15.306290590065132,37.8782252396492],[15.33604404710535,37.905323171190915],[15.349353093989514,37.92340490025056],[15.456916216342474,38.03906916804823],[15.477212403097118,38.05459258724979],[15.493774288492126,38.07486001097816],[15.534353095390445,38.148066540233565],[15.563087904142957,38.18342581854399],[15.557587573542166,38.190507156184125],[15.570641785407192,38.23052556984943],[15.581608962685019,38.24469589458104],[15.61144018849183,38.256701596927826],[15.652152766025909,38.26481490376725],[15.650362433234822,38.27029304385266],[15.60867029420322,38.27480339062123],[15.578198946453222,38.283807246271785],[15.549732037529788,38.30044753208786],[15.516801972427608,38.2956541678233],[15.447065817770076,38.25008560593632],[15.377541399601819,38.22441438767809],[15.292829291854002,38.20637785813962],[15.261428065867909,38.20793863419145],[15.241353581919457,38.21691836360473],[15.225344098079121,38.20475330740411],[15.207863400204726,38.181803625297796],[15.173766382891433,38.15336761467675],[15.13381077803605,38.13833187847974],[15.101830386793209,38.12241052123015],[15.072690284198694,38.12331117355829],[15.056169119892665,38.1315083936994],[15.056375590115158,38.14182375823685],[15.037147027925355,38.151310000589476],[15.011741845224305,38.149051713323225],[14.9683863267865,38.153721026630876],[14.94044823818665,38.179849546513374],[14.91465057906817,38.191898474349586],[14.8906231972304,38.17247365856899],[14.861247419489997,38.168573449804],[14.785663896832501,38.151452587496216],[14.74425101096206,38.16293603249814],[14.678343697394913,38.09948603976737],[14.632355978201959,38.071281690442326],[14.617436254514208,38.073216995247726],[14.585229547218916,38.05899628947979],[14.556420418611454,38.06011754199591],[14.533180639456171,38.04497839629453],[14.470430443221705,38.03299161168864],[14.421650024139254,38.03890742559199],[14.394927829762125,38.0227383087143],[14.364079000200935,38.01459488358264],[14.338524309943695,38.018662609542204],[14.311843043086295,38.00827362990801],[14.285429133621056,38.00730771121548],[14.270228907862526,38.0126768146509],[14.236504209946188,38.01040949098051],[14.172349710765946,38.01874860603042],[14.146104522306622,38.02669255448735],[14.127232258248117,38.01723753633265],[14.106424710416245,38.014616760282266],[14.062435316992763,38.01905774327565],[14.031125701860951,38.04043397692806],[13.981840287185102,38.029336556162285],[13.971589377322228,38.03379074674511],[13.945635525536629,38.02863814748531],[13.891350147657494,38.002356494326726],[13.835176400867864,37.982892405601255],[13.797415945174702,37.97508483455247],[13.74495693226328,37.97014324542415],[13.711217600658507,37.9774588970161],[13.703641490301884,37.989931930196605],[13.651056014091814,37.99853438867832],[13.618344521489474,38.01243321677508],[13.60378858619452,38.02377667557239],[13.565244583055165,38.039863328470986],[13.540588947439353,38.058288105225905],[13.536159655275778,38.06864007612188],[13.540995938866267,38.089830061915386],[13.529474540579763,38.11101743094746],[13.506350646573908,38.118011118994595],[13.504401619776012,38.107703806488395],[13.472227964400657,38.09785936701499],[13.442719448217408,38.09480679656588],[13.403803086201469,38.10038007147399],[13.384260533873878,38.10865855030096],[13.363926783024496,38.12814775809111],[13.376218035289067,38.1521823895705],[13.365571499885423,38.182525021747715],[13.355943919407876,38.191375053498724],[13.331446344443226,38.1979217855409],[13.31894836735882,38.223131857030744],[13.301205299542044,38.22031780977437],[13.272278359579646,38.19875635499668],[13.247960590685556,38.1989521282438],[13.222064842232228,38.17799273871792],[13.189339359784388,38.16910628374834],[13.16180650799623,38.172703517186584],[13.16188694526086,38.18449071485289],[13.14085192306681,38.183706049284915],[13.108706125290167,38.19158650945837],[13.078766552610878,38.173825280118415],[13.08191239379503,38.157103843492436],[13.053033064339397,38.137129622043],[13.065670766128132,38.1234104305667],[13.078240476349874,38.08830805730996],[13.054790843566611,38.07353755060594],[12.967247404120652,38.03670808550831],[12.907870882941802,38.02511339263306]]],[[[12.308116564743825,37.95567356037806],[12.273303156501758,37.93723566834801],[12.287677188199932,37.91536900355015],[12.337267537415261,37.91979847587846],[12.35073485964249,37.90733990312914],[12.365811576751955,37.90616749123752],[12.370581115164006,37.91847141555917],[12.344375012996903,37.93662244681615],[12.322969152948543,37.931205318583004],[12.308116564743825,37.95567356037806]]],[[[12.063167013830446,37.9932746203296],[12.033774747461178,37.98863403074553],[12.045066818914355,37.960016992807724],[12.075669018701307,37.94943969202883],[12.077801368699348,37.96166429129318],[12.064607667699814,37.979489318081164],[12.063167013830446,37.9932746203296]]],[[[12.335688232795066,38.02035593723263],[12.320184485899324,38.00118951277157],[12.329994222730614,37.98687768269116],[12.351418623382905,37.988856704682874],[12.335688232795066,38.02035593723263]]],[[[12.455374158790969,37.904886196934136],[12.429270007002549,37.89275592262408],[12.436835974246128,37.88090558327182],[12.455374158790969,37.904886196934136]]],[[[11.954556100337136,36.83937630638082],[11.928413603090437,36.8253416675718],[11.92792959477954,36.80074668608352],[11.951088136634771,36.7836994579412],[11.956079474132155,36.77201163504105],[11.972083270626563,36.76367963147952],[11.982343314155539,36.74448415927265],[11.992925632633426,36.737391418924425],[12.027160966605484,36.73570255329299],[12.047256339059517,36.74975630987248],[12.055060778305135,36.763076704853745],[12.0531279712322,36.7906436572342],[12.013322220306492,36.82516285319662],[11.994746509335144,36.8217751972408],[11.97337833526925,36.83487541832335],[11.954556100337136,36.83937630638082]]],[[[13.180665297160417,38.72067034557467],[13.163217605622572,38.71344096396965],[13.153627994915707,38.69369154844911],[13.169343407362126,38.69094714070989],[13.199719318403629,38.70863377491769],[13.180665297160417,38.72067034557467]]],[[[14.846747449495133,38.5379374025832],[14.866881944426298,38.53621369529496],[14.874109241319305,38.56159946063535],[14.86608600261708,38.58324264155398],[14.84567771821849,38.57943615597416],[14.807806323301929,38.58244414193843],[14.796651826370086,38.56079701433323],[14.80663868264496,38.55332459808282],[14.846747449495133,38.5379374025832]]],[[[14.959983720060565,38.43227843648493],[14.954097890268562,38.41805053234635],[14.939544020067242,38.41133435539284],[14.948832531206076,38.388033156468516],[14.977626387115249,38.36875524523781],[14.992341789844247,38.36671879442462],[15.005302126812458,38.37599482110132],[14.996992522198592,38.39626795090334],[14.98064893165045,38.40968340106084],[14.96364872382862,38.41213287846477],[14.959983720060565,38.43227843648493]]],[[[14.960486816592745,38.523386503891075],[14.926189399854673,38.523000411142355],[14.905001667499759,38.511912840847835],[14.899611367157727,38.47817714707894],[14.913172080412917,38.46500761413359],[14.93458108444561,38.45946569078952],[14.942325680993742,38.442589655775365],[14.962156453939276,38.45123173359799],[14.95706422051692,38.476995658518824],[14.962559880786328,38.49109696169485],[14.960486816592745,38.523386503891075]]],[[[14.36187562283207,38.55433602305283],[14.340292241668324,38.54824602875103],[14.344503039335203,38.532052999207245],[14.359351213082782,38.531697146019134],[14.36187562283207,38.55433602305283]]],[[[14.553199311624972,38.58584053197426],[14.54113619850168,38.57203483990288],[14.553732644428173,38.56041549645379],[14.582598664683967,38.5559844713401],[14.575692918084522,38.581274092898774],[14.553199311624972,38.58584053197426]]],[[[15.072865804957539,38.64666285082458],[15.060125062440779,38.64370970394856],[15.054625980378622,38.629072139368404],[15.073224102631682,38.628927289883386],[15.072865804957539,38.64666285082458]]],[[[15.221400721905823,38.81195274217498],[15.18753433791926,38.7902181763411],[15.194528056755656,38.78126721467978],[15.217216308631766,38.77240035296956],[15.226875837606483,38.77722850834124],[15.242266308138076,38.8049686399047],[15.221400721905823,38.81195274217498]]],[[[12.540912715782799,35.52890096124985],[12.518267477687479,35.518735139537704],[12.563588358291378,35.51163075067585],[12.608431890150454,35.493633956256495],[12.625425066779405,35.50547280100417],[12.62791893973143,35.52040587792642],[12.607504755346097,35.52449145473975],[12.594169794183125,35.52093977680333],[12.540912715782799,35.52890096124985]]],[[[12.875432938076619,35.87537604812954],[12.850607022952634,35.86692885683582],[12.859511324889416,35.85502998650582],[12.880737759724651,35.85460414303736],[12.875432938076619,35.87537604812954]]]]},"properties":{"reg_name":"Sicilia","reg_istat_code_num":19,"reg_iso_3166_2":"IT-82","reg_istat_code":"19"}},
{"type":"Feature","geometry":{"type":"MultiPolygon","coordinates":[[[[8.367878417460572,40.49643398377335],[8.373722328265227,40.490929846299615],[8.386085294682687,40.453424509958836],[8.397757784408753,40.430440987362275],[8.4015264950331,40.40909571967604],[8.38938427826484,40.37111768541865],[8.379581222776576,40.35763297391735],[8.382641712430052,40.3389978059563],[8.432752322500683,40.333067839801096],[8.443019299288691,40.31856903545795],[8.463675782152587,40.315350188977234],[8.466926063032384,40.29778598804284],[8.483115789951537,40.28349204510832],[8.474144441078908,40.24664881067957],[8.462102919443149,40.21404284596568],[8.467420434518495,40.19998583078109],[8.456158519437768,40.177030839263935],[8.45829864647295,40.15414195474175],[8.47151446190221,40.13097450769908],[8.4849008017688,40.11778186803291],[8.49277673783523,40.086553640920044],[8.453700202385427,40.05080622233844],[8.43482252767202,40.05157957615818],[8.399933358290372,40.03301657559013],[8.413103227993517,40.019814021517455],[8.410495652176435,39.999029301404576],[8.393885873559732,39.97991201695432],[8.40136378270389,39.956989279057375],[8.3978943404746,39.908194789085535],[8.44424900968956,39.88252298903613],[8.469085234095417,39.90146538081136],[8.505675013750391,39.9078554845126],[8.537724334613001,39.89143403705498],[8.552013339690449,39.86397959487068],[8.554023579181258,39.834064280884895],[8.545365731481379,39.795188702423815],[8.531269434094265,39.770421529515616],[8.511879870886881,39.75308399228231],[8.521088230710026,39.746160951204565],[8.502926184590146,39.71416072833198],[8.465744344131762,39.76148163314211],[8.443971174367821,39.75810348149062],[8.448744883442384,39.74009264749554],[8.44700440764416,39.717535495311154],[8.454888069495846,39.71120379809875],[8.445194007139783,39.6761985781557],[8.456656843995876,39.67011698860065],[8.450275212049007,39.63346158216406],[8.470855051836276,39.6016236056839],[8.451373077358294,39.54625939771514],[8.409713862070214,39.49282087362365],[8.38747788761938,39.47583494746995],[8.382194841136078,39.45581626641601],[8.410899528019709,39.44118452147382],[8.41269157510497,39.42809229101057],[8.404228268819283,39.40786789360279],[8.380307371368385,39.38431803721237],[8.376112224411742,39.36888522631919],[8.399554955931501,39.33744293419257],[8.433042053743927,39.307945877399],[8.43678662678752,39.28993414483303],[8.425311418427874,39.26951375398961],[8.4105448904442,39.263727111368155],[8.366983051368836,39.22832424875446],[8.371878232450264,39.209234860165374],[8.396240373504611,39.198920083252304],[8.406451258197224,39.16351801958294],[8.417267862396931,39.171298405344466],[8.434046447425988,39.15898393561363],[8.434560510551634,39.131908794815956],[8.439759139213123,39.11496848197037],[8.461410716500303,39.120584092898596],[8.472377332971972,39.112215698375415],[8.485960401333593,39.084798295689446],[8.47801380694923,39.060945548008206],[8.45975593149912,39.0649680481774],[8.456489579869865,39.08374325962263],[8.430684612696869,39.09780239030303],[8.426211023042228,39.10907406678147],[8.380379124980493,39.09964471678729],[8.373624404872057,39.111535425082145],[8.350745767605632,39.09750965804181],[8.358075207502377,39.08754800889923],[8.350215801863817,39.075871225388006],[8.357039638930958,39.06425691462228],[8.36463678848405,39.03010867898245],[8.394026960095555,38.98680684596824],[8.40668698519159,38.95881997071353],[8.414239729249331,38.9552922957341],[8.441942436672282,38.968125063629635],[8.450481173421629,38.988978210206135],[8.454002145039514,39.02702244902232],[8.473275011186646,39.05802153570681],[8.497749218548694,39.06321252101931],[8.530718193288799,39.059338499181315],[8.549824735501351,39.04434671458502],[8.56489802868934,39.04542671466454],[8.574931206870474,39.03206322338335],[8.574868734999427,39.017048944000315],[8.564926986632129,39.00148725840063],[8.578030703772614,38.97501636206286],[8.589229387022165,38.96414803443171],[8.612564643709561,38.95792331030758],[8.622311059196301,38.94139107888733],[8.620690626460544,38.92053817770781],[8.60704626600017,38.904103758989],[8.610409961165443,38.89111390958087],[8.670764691041365,38.89848734267509],[8.681644912605345,38.90934802500294],[8.715645185489322,38.9242557987304],[8.720299792182944,38.936500349377404],[8.76117693638173,38.91722756035992],[8.77444384307169,38.91426931819519],[8.783465618881932,38.898170947758054],[8.805982696730025,38.89965765854871],[8.827832272720077,38.888055768309094],[8.834600407215769,38.876695783055325],[8.860832609473345,38.882413631494586],[8.905908129260817,38.907922467064004],[8.926727236806745,38.92907900735573],[9.011921997468344,38.98694820500624],[9.024829655810212,39.002743945036926],[9.024376920492942,39.02017570686072],[9.045710245417702,39.05597031546156],[9.016258202535976,39.087457618586605],[9.016406809067172,39.1045909398861],[9.008859389796799,39.123093251028884],[9.017425915186093,39.14575592381602],[9.039252284162973,39.17337642864007],[9.063344370393901,39.194280832892055],[9.082871750135682,39.205682873164136],[9.110880199576437,39.21357095874294],[9.139932321941831,39.18898018798284],[9.158678505874894,39.181319763751844],[9.165332094787434,39.20422479179126],[9.186339345507749,39.218737412307874],[9.212951515329609,39.227327198986025],[9.230948387486592,39.22779043200382],[9.242915388830061,39.21834325668691],[9.296534056952284,39.213201946457346],[9.33815802840203,39.193749143957106],[9.342415465717233,39.185390330928826],[9.37087163433543,39.173890840810344],[9.390387474539773,39.15747890197662],[9.392189966349635,39.14467947053289],[9.408520903068219,39.14319739868233],[9.433910000404481,39.13014777970306],[9.466007894604775,39.126849454562446],[9.483834469114235,39.13535227378492],[9.502533961916805,39.131296660208754],[9.51885383725075,39.11288694478413],[9.529575602984204,39.127122035866954],[9.55614677745398,39.1333783488878],[9.568411861873892,39.153272843516],[9.577857129543226,39.18439971797134],[9.56503526969556,39.18906236742887],[9.564646780238254,39.20596122286504],[9.573284213500134,39.248024302213096],[9.587966706430562,39.27416909405989],[9.602617162973292,39.29102653138326],[9.631390808518214,39.30425269931714],[9.608546382403915,39.3152288719613],[9.601104945207272,39.3257618935321],[9.597707817617449,39.34930368544374],[9.607829710973089,39.38801601384555],[9.631171560883343,39.433478278558816],[9.639371402753149,39.439133743044124],[9.645458549337436,39.46111392728725],[9.641592726461209,39.49329353197125],[9.631901226713326,39.501639080874526],[9.63991209254605,39.54192388469309],[9.651736105875143,39.55019684983191],[9.657624364452763,39.58022589239458],[9.649837997106882,39.66115317677229],[9.663041217174207,39.68428976154186],[9.659058481426738,39.69390819455908],[9.676489878379464,39.71089105841983],[9.674635208330827,39.75041535757715],[9.669000876294348,39.77183662078936],[9.676324524797806,39.81620628636257],[9.685396536443037,39.8421229596368],[9.696090940672649,39.850501509587374],[9.68257690509307,39.87001152334426],[9.68373411056145,39.9063209193138],[9.696343627511588,39.920717790508284],[9.709446950800903,39.923480926096],[9.689311630769277,39.94453983856225],[9.685075995993675,39.958413968888024],[9.687338695362115,39.98496556017458],[9.701575531868224,40.00976932474856],[9.706092936853377,40.03427496691227],[9.721540186862338,40.05200067259178],[9.735480309218595,40.07931090757217],[9.728228491942726,40.09107804834298],[9.688942749051416,40.10849041632837],[9.656564305049354,40.1423282137386],[9.646377171239674,40.16832408367229],[9.634117653460901,40.179788727137506],[9.626073201055577,40.20720824735992],[9.628593094187394,40.22260414681718],[9.623866062271759,40.252303492816964],[9.63642230314302,40.28276549942719],[9.682307947884848,40.33696992340587],[9.72230627368398,40.37004940599611],[9.764403214363433,40.39087322439055],[9.7740210576158,40.42678735084567],[9.79259498969929,40.44306349204388],[9.816815749042261,40.48776003509708],[9.828385717717822,40.528443430451084],[9.794168066661324,40.54631634839481],[9.79076985623023,40.569807081484456],[9.781586202888601,40.58052639725969],[9.762811547940986,40.58773266575692],[9.751756310546464,40.60086775538093],[9.75255098740665,40.61587107869006],[9.741931043598342,40.636894817192456],[9.750410575253383,40.677837212636334],[9.737859537326718,40.694520841166074],[9.717615661474975,40.70556340511937],[9.712079626035116,40.73962842377275],[9.718449514851573,40.74852755354438],[9.68754299355528,40.76593326505121],[9.671389936840471,40.78466627838275],[9.673160893694572,40.80372280238401],[9.691813731485288,40.811173348145196],[9.682155586975387,40.82134214384401],[9.692692875340926,40.84824129369069],[9.677256872065062,40.86171028796479],[9.667673088798818,40.853046122789095],[9.640160230439234,40.8739392026213],[9.63587244280681,40.883904594168584],[9.61774304337693,40.88942056135867],[9.64520095110732,40.91764330734917],[9.610647861175334,40.91857525176815],[9.588661225907286,40.89961463021891],[9.577384738745957,40.90314364468467],[9.561133844722816,40.92079190231103],[9.506948962088028,40.911445520965536],[9.508235612658202,40.92869064542128],[9.53438391587136,40.93310244072389],[9.539125450982523,40.925874916352065],[9.573802455348371,40.927517099002536],[9.568348065963416,40.942788251463796],[9.593434365854291,40.96616871572892],[9.584835116486476,40.986385331031414],[9.611198799461635,41.00316195165314],[9.64665720876429,40.985352513350925],[9.664719907932442,40.995665260472805],[9.65537902516586,41.0043406125908],[9.622740259930659,41.00502264462007],[9.594203229438325,41.021748156843806],[9.578531400128321,41.004604427908966],[9.550896729194706,41.0069389192967],[9.562910937287796,41.03445346990903],[9.52725071740037,41.02709701047635],[9.523253769603219,41.05185923048217],[9.528634134344886,41.06972911052744],[9.541775263983787,41.08347733096008],[9.561584439162182,41.08411663720181],[9.568830480191332,41.109839347210425],[9.536310832886707,41.13845134331129],[9.52440607806884,41.15664609240757],[9.471919921150986,41.131865805707164],[9.450133651723773,41.10439112948297],[9.429612348928746,41.15495566003809],[9.406238817587226,41.17615905644061],[9.37004825914334,41.18337020621202],[9.363314234575567,41.20757949731655],[9.341835626129672,41.20592296036224],[9.33078100888913,41.194506282261656],[9.301219930361718,41.19071401747992],[9.29003042162207,41.218370213684345],[9.271314122386283,41.2361607537984],[9.236225475706226,41.246594345566116],[9.225582441035774,41.259140833974],[9.1944707268315,41.24590046034231],[9.18095301736443,41.24802581416924],[9.159972019427327,41.23583023747188],[9.16568177372364,41.21839962708618],[9.154112458266662,41.19724726771766],[9.16899120177069,41.177772825727594],[9.16774394705076,41.16810799705122],[9.149071856418983,41.15515183251182],[9.131282871316309,41.15375842522625],[9.110936193987502,41.135587268268964],[9.064599375584399,41.1273531457185],[9.046330495356083,41.13808254242959],[9.011882558649344,41.12379110237128],[8.981515811631335,41.08662847487122],[8.949985982670421,41.059175385829406],[8.916050689857075,41.03556336536969],[8.892318475979645,41.02722467921814],[8.876468441838965,41.00875669256536],[8.870426428132449,40.9927954711419],[8.835220390249598,40.95606911127079],[8.793247380359798,40.924155486140826],[8.770838086405501,40.916246208494485],[8.73993750659433,40.91805664880174],[8.726045787758016,40.9127242319958],[8.711118548335733,40.918368642839845],[8.670362254562571,40.89736010361959],[8.632065271696726,40.88144257706005],[8.625322065254322,40.86488492651853],[8.607670212521356,40.851243880363576],[8.579474252093549,40.83768542403441],[8.524435975353049,40.823830183203086],[8.469328418853735,40.819109604935],[8.451894413375868,40.820908306751065],[8.41753935786614,40.83993230340577],[8.372235538460075,40.83774323052555],[8.315553309870287,40.844305458632576],[8.289783949250184,40.85819249355],[8.247595267526675,40.89313804752425],[8.232178743423168,40.91303034332246],[8.227563470196788,40.93857481021075],[8.236379938064164,40.94934313992233],[8.212905448015942,40.96102666455395],[8.189065933334463,40.95546986204444],[8.175926813116975,40.93519851218538],[8.191665451359302,40.9139155140842],[8.212680143233765,40.90307091770345],[8.222927568494404,40.887502130800286],[8.218602035572657,40.86951055599193],[8.193076615121399,40.835093561006005],[8.1843603867128,40.812075595136726],[8.16061764446862,40.7908875021464],[8.165965708896628,40.76719855549523],[8.154061421743366,40.74909476239289],[8.133117695257415,40.731175134455476],[8.169109086739793,40.709018500406756],[8.174851799846849,40.694655119412],[8.200596718675436,40.689383863105704],[8.204106798149507,40.679594446908254],[8.192213488101698,40.66277734800526],[8.186549432019834,40.63907317662779],[8.143596424610003,40.623674150283016],[8.149821299575166,40.585532118232344],[8.157880293616126,40.5721497313499],[8.173056407636986,40.5942326240115],[8.205052827746677,40.616817381878064],[8.21940936985403,40.60045136500333],[8.197744472304564,40.57588038772094],[8.20934555767175,40.571482790622184],[8.243817482675995,40.56986931728778],[8.245667867112724,40.581039832287914],[8.293847897157294,40.59342421402969],[8.315960579224312,40.57377020323549],[8.314724631680258,40.56052741327529],[8.337404609601506,40.50167648566234],[8.367878417460572,40.49643398377335]]],[[[8.318602387213172,41.120709138509895],[8.302336080735252,41.10543346362269],[8.275188465594072,41.10427500039754],[8.284242627878644,41.07516842368584],[8.26521957853691,41.0715108125284],[8.250820451334533,41.0506175695075],[8.22533634507122,41.043863115706344],[8.219515735600144,41.02851024798507],[8.230262552364907,41.02321036990911],[8.211416443150966,41.003726959114935],[8.22243629585572,40.988331413548934],[8.255099751430024,40.985296519395],[8.263842922353337,41.000935530973486],[8.247678759879262,41.02700402152605],[8.281872551917719,41.06571108047608],[8.325675401525206,41.05386562068439],[8.338964868624304,41.06082135086816],[8.33533833755625,41.07940196149785],[8.347890765935118,41.08972474061419],[8.32278035182523,41.105947295884796],[8.318602387213172,41.120709138509895]]],[[[9.471145615919252,41.245181812771335],[9.446997499479814,41.21545917191935],[9.447456705743184,41.19088275713927],[9.469448201705548,41.17680716272474],[9.480039066376543,41.1871495508874],[9.482041386695245,41.23658723089363],[9.471145615919252,41.245181812771335]]],[[[9.3405054237667,41.25301061782393],[9.333121342333534,41.235649480027725],[9.345603737352722,41.22896832408197],[9.359908733873352,41.241555658155164],[9.3405054237667,41.25301061782393]]],[[[9.421131730737073,41.26833294600065],[9.41332916067475,41.25073083736057],[9.37402030335594,41.22763191958989],[9.382867000437145,41.21016721049289],[9.415303579979822,41.216177796187566],[9.436828485892912,41.21455015147733],[9.438934269607067,41.23538706806421],[9.430764919029928,41.260395280093185],[9.421131730737073,41.26833294600065]]],[[[9.735498386251072,40.924163501837626],[9.689145473957295,40.898703914203736],[9.692782277534587,40.88784678957953],[9.720581725819505,40.90505332383642],[9.742745224292115,40.91230223837081],[9.735498386251072,40.924163501837626]]],[[[8.309285717920021,39.187785949873906],[8.296641176553587,39.17926284379512],[8.267494123430147,39.17864847875541],[8.242118734629285,39.16414466007058],[8.230033356812609,39.164962248778586],[8.220674359297178,39.145444949873685],[8.250566278562834,39.13258982513507],[8.255218698827875,39.10389501267427],[8.279337121646448,39.09585798758189],[8.297264627055153,39.09694725006751],[8.310181349464784,39.113171316801086],[8.312778780125056,39.13941868299782],[8.30636978296316,39.16313461895002],[8.309285717920021,39.187785949873906]]]]},"properties":{"reg_name":"Sardegna","reg_istat_code_num":20,"reg_iso_3166_2":"IT-88","reg_istat_code":"20"}}
]}